"code","ages","name","value"
"EN26_200",1033,"Fe",0.519394157454371
"EN26_200",1033,"Mn",0.428555331658572
"EN26_200",1033,"Se",0.138001943705603
"EN26_200",1033,"C",0.142418920993805
"EN26_200",1039,"Fe",0.215578591218218
"EN26_200",1039,"Mn",0.626007956918329
"EN26_200",1039,"Se",0.970276333158836
"EN26_200",1039,"C",0.34864444937557
"EN26_200",1073,"Fe",0.988837332231924
"EN26_200",1073,"Mn",0.950913064647466
"EN26_200",1073,"Se",0.176530895289034
"EN26_200",1073,"C",0.831534436671063
"EN26_200",1078,"Fe",0.292846006574109
"EN26_200",1078,"Mn",0.903509864583611
"EN26_200",1078,"Se",0.278619741555303
"EN26_200",1078,"C",0.94592455518432
"EN26_200",1086,"Fe",0.463285314384848
"EN26_200",1086,"Mn",0.951972760260105
"EN26_200",1086,"Se",0.82645909790881
"EN26_200",1086,"C",0.314657053910196
"EN26_200",1104,"Fe",0.549611351918429
"EN26_200",1104,"Mn",0.134447269141674
"EN26_200",1104,"Se",0.422013448551297
"EN26_200",1104,"C",0.320990889100358
"EN26_200",1109,"Fe",0.271538564004004
"EN26_200",1109,"Mn",0.507446367060766
"EN26_200",1109,"Se",0.814353555673733
"EN26_200",1109,"C",0.403629183536395
"EN26_200",1114,"Fe",0.643574634566903
"EN26_200",1114,"Mn",0.0616668649017811
"EN26_200",1114,"Se",0.0640061104204506
"EN26_200",1114,"C",0.521683502011001
"EN26_200",1117,"Fe",0.62604477093555
"EN26_200",1117,"Mn",0.108893210301176
"EN26_200",1117,"Se",0.374670744640753
"EN26_200",1117,"C",0.452597210882232
"EN26_200",1124,"Fe",0.694103512912989
"EN26_200",1124,"Mn",0.650871279183775
"EN26_200",1124,"Se",0.0195957282558084
"EN26_200",1124,"C",0.496635629562661
"EN26_200",1127,"Fe",0.189540893537924
"EN26_200",1127,"Mn",0.926208919612691
"EN26_200",1127,"Se",0.242501117987558
"EN26_200",1127,"C",0.687346204183996
"EN26_200",1130,"Fe",0.635159720201045
"EN26_200",1130,"Mn",0.622268727049232
"EN26_200",1130,"Se",0.483502082061023
"EN26_200",1130,"C",0.560778447659686
"EN26_200",1147,"Fe",0.238013224909082
"EN26_200",1147,"Mn",0.130376291228458
"EN26_200",1147,"Se",0.386790940538049
"EN26_200",1147,"C",0.134801484178752
"EN26_200",1154,"Fe",0.561561333714053
"EN26_200",1154,"Mn",0.513506624149159
"EN26_200",1154,"Se",0.911426939535886
"EN26_200",1154,"C",0.11093924078159
"EN26_200",1155,"Fe",0.493230683263391
"EN26_200",1155,"Mn",0.842346368357539
"EN26_200",1155,"Se",0.583282415987924
"EN26_200",1155,"C",0.71508022560738
"EN26_200",1167,"Fe",0.491066545946524
"EN26_200",1167,"Mn",0.818551016040146
"EN26_200",1167,"Se",0.982258272357285
"EN26_200",1167,"C",0.438273641513661
"EN26_200",1171,"Fe",0.899113640189171
"EN26_200",1171,"Mn",0.981601875042543
"EN26_200",1171,"Se",0.113122863927856
"EN26_200",1171,"C",0.95987023296766
"EN26_200",1172,"Fe",0.0838357345201075
"EN26_200",1172,"Mn",0.24246356007643
"EN26_200",1172,"Se",0.613701267167926
"EN26_200",1172,"C",0.683312970912084
"EN26_200",1181,"Fe",0.665872434386984
"EN26_200",1181,"Mn",0.785513922572136
"EN26_200",1181,"Se",0.573300893418491
"EN26_200",1181,"C",0.320092452690005
"EN26_200",1186,"Fe",0.17161446553655
"EN26_200",1186,"Mn",0.76266781357117
"EN26_200",1186,"Se",0.947490172926337
"EN26_200",1186,"C",0.234269864857197
"EN26_200",1200,"Fe",0.357045628130436
"EN26_200",1200,"Mn",0.834458800265566
"EN26_200",1200,"Se",0.941996085224673
"EN26_200",1200,"C",0.667305386858061
"EN26_200",1215,"Fe",0.743179765064269
"EN26_200",1215,"Mn",0.293852215632796
"EN26_200",1215,"Se",0.6418120872695
"EN26_200",1215,"C",0.331340649398044
"EN26_200",1228,"Fe",0.421292898012325
"EN26_200",1228,"Mn",0.0511389833409339
"EN26_200",1228,"Se",0.012185956351459
"EN26_200",1228,"C",0.0787453413940966
"EN26_200",1231,"Fe",0.96106905140914
"EN26_200",1231,"Mn",0.985948592890054
"EN26_200",1231,"Se",0.356468048645183
"EN26_200",1231,"C",0.162705703871325
"EN26_200",1236,"Fe",0.643164997454733
"EN26_200",1236,"Mn",0.204227038193494
"EN26_200",1236,"Se",0.901066203135997
"EN26_200",1236,"C",0.599390766117722
"EN26_200",1250,"Fe",0.506326398579404
"EN26_200",1250,"Mn",0.73648542445153
"EN26_200",1250,"Se",0.328255439642817
"EN26_200",1250,"C",0.448976068990305
"EN26_200",1270,"Fe",0.0420845516491681
"EN26_200",1270,"Mn",0.0541146274190396
"EN26_200",1270,"Se",0.486429528100416
"EN26_200",1270,"C",0.564963102340698
"EN26_200",1274,"Fe",0.636848286259919
"EN26_200",1274,"Mn",0.35199173912406
"EN26_200",1274,"Se",0.958180351182818
"EN26_200",1274,"C",0.00226789829321206
"EN26_200",1296,"Fe",0.854679218260571
"EN26_200",1296,"Mn",0.227417051093653
"EN26_200",1296,"Se",0.285212777554989
"EN26_200",1296,"C",0.336872902931646
"EN26_200",1299,"Fe",0.994431242812425
"EN26_200",1299,"Mn",0.709439126309007
"EN26_200",1299,"Se",0.438356112223119
"EN26_200",1299,"C",0.694703972432762
"EN26_200",1306,"Fe",0.669570526340976
"EN26_200",1306,"Mn",0.0647187770809978
"EN26_200",1306,"Se",0.617419581860304
"EN26_200",1306,"C",0.151604024460539
"EN26_200",1317,"Fe",0.0836258439812809
"EN26_200",1317,"Mn",0.245386553229764
"EN26_200",1317,"Se",0.867013104259968
"EN26_200",1317,"C",0.0540558693464845
"EN26_200",1336,"Fe",0.532360512297601
"EN26_200",1336,"Mn",0.551545968744904
"EN26_200",1336,"Se",0.649684691568837
"EN26_200",1336,"C",0.701363367261365
"EN26_200",1338,"Fe",0.109964578878134
"EN26_200",1338,"Mn",0.145973855396733
"EN26_200",1338,"Se",0.231511365855113
"EN26_200",1338,"C",0.943533705314621
"EN26_200",1356,"Fe",0.406623451504856
"EN26_200",1356,"Mn",0.850048655411229
"EN26_200",1356,"Se",0.301058382727206
"EN26_200",1356,"C",0.428398975403979
"EN26_200",1368,"Fe",0.687167750671506
"EN26_200",1368,"Mn",0.93197066988796
"EN26_200",1368,"Se",0.0662404724862427
"EN26_200",1368,"C",0.0269864303991199
"EN26_200",1376,"Fe",0.420569044305012
"EN26_200",1376,"Mn",0.816317723598331
"EN26_200",1376,"Se",0.25629948428832
"EN26_200",1376,"C",0.0869508041068912
"EN26_200",1378,"Fe",0.111638103611767
"EN26_200",1378,"Mn",0.0863096460234374
"EN26_200",1378,"Se",0.793841423233971
"EN26_200",1378,"C",0.587424849858508
"EN26_200",1384,"Fe",0.733722711680457
"EN26_200",1384,"Mn",0.46940090553835
"EN26_200",1384,"Se",0.561801041476429
"EN26_200",1384,"C",0.0789822044316679
"EN26_200",1396,"Fe",0.191945590777323
"EN26_200",1396,"Mn",0.880385140655562
"EN26_200",1396,"Se",0.814857519930229
"EN26_200",1396,"C",0.850725562078878
"EN26_200",1401,"Fe",0.806898685637861
"EN26_200",1401,"Mn",0.246194785926491
"EN26_200",1401,"Se",0.333101299824193
"EN26_200",1401,"C",0.975559300277382
"EN26_200",1442,"Fe",0.245306216413155
"EN26_200",1442,"Mn",0.459280451759696
"EN26_200",1442,"Se",0.468458491843194
"EN26_200",1442,"C",0.165249821729958
"EN26_200",1444,"Fe",0.237447892082855
"EN26_200",1444,"Mn",0.455638898769394
"EN26_200",1444,"Se",0.238926354795694
"EN26_200",1444,"C",0.8450070861727
"EN26_200",1455,"Fe",0.277238250244409
"EN26_200",1455,"Mn",0.815582985291258
"EN26_200",1455,"Se",0.0721672559157014
"EN26_200",1455,"C",0.000525131821632385
"EN26_200",1460,"Fe",0.4625555051025
"EN26_200",1460,"Mn",0.923006331780925
"EN26_200",1460,"Se",0.305844384245574
"EN26_200",1460,"C",0.772033876739442
"EN26_200",1466,"Fe",0.799683296121657
"EN26_200",1466,"Mn",0.660874055000022
"EN26_200",1466,"Se",0.595361066283658
"EN26_200",1466,"C",0.342486195964739
"EN26_200",1467,"Fe",0.423949218820781
"EN26_200",1467,"Mn",0.794299032306299
"EN26_200",1467,"Se",0.586095517966896
"EN26_200",1467,"C",0.849528288468719
"EN26_200",1470,"Fe",0.827489889925346
"EN26_200",1470,"Mn",0.432853409321979
"EN26_200",1470,"Se",0.0386503266636282
"EN26_200",1470,"C",0.518215466057882
"EN26_200",1481,"Fe",0.134553890675306
"EN26_200",1481,"Mn",0.516713733784854
"EN26_200",1481,"Se",0.813903343165293
"EN26_200",1481,"C",0.239161328179762
"EN26_200",1485,"Fe",0.203374969074503
"EN26_200",1485,"Mn",0.0285744082648307
"EN26_200",1485,"Se",0.700626027071849
"EN26_200",1485,"C",0.514886930119246
"EN26_200",1499,"Fe",0.849360472755507
"EN26_200",1499,"Mn",0.638768724398687
"EN26_200",1499,"Se",0.415718462551013
"EN26_200",1499,"C",0.57387070148252
"EN26_200",1523,"Fe",0.962061182595789
"EN26_200",1523,"Mn",0.381284642731771
"EN26_200",1523,"Se",0.198754579061642
"EN26_200",1523,"C",0.633450438501313
"EN26_200",1532,"Fe",0.504736742237583
"EN26_200",1532,"Mn",0.921984949847683
"EN26_200",1532,"Se",0.751356090884656
"EN26_200",1532,"C",0.0836829983163625
"EN26_200",1541,"Fe",0.203056955477223
"EN26_200",1541,"Mn",0.0257955419365317
"EN26_200",1541,"Se",0.201918157050386
"EN26_200",1541,"C",0.499217093456537
"EN26_200",1555,"Fe",0.659805491100997
"EN26_200",1555,"Mn",0.356789143290371
"EN26_200",1555,"Se",0.65119102713652
"EN26_200",1555,"C",0.769604418892413
"EN26_200",1559,"Fe",0.29242381057702
"EN26_200",1559,"Mn",0.402338025160134
"EN26_200",1559,"Se",0.0161004674155265
"EN26_200",1559,"C",0.513781520538032
"EN26_200",1563,"Fe",0.586735947057605
"EN26_200",1563,"Mn",0.286197810200974
"EN26_200",1563,"Se",0.156521395081654
"EN26_200",1563,"C",0.699240704067051
"EN26_200",1575,"Fe",0.0324665764346719
"EN26_200",1575,"Mn",0.194156816927716
"EN26_200",1575,"Se",0.350545316003263
"EN26_200",1575,"C",0.10165447788313
"EN26_200",1588,"Fe",0.602862514089793
"EN26_200",1588,"Mn",0.809989464236423
"EN26_200",1588,"Se",0.858458164846525
"EN26_200",1588,"C",0.986775778234005
"EN26_200",1590,"Fe",0.993309471523389
"EN26_200",1590,"Mn",0.635128796333447
"EN26_200",1590,"Se",0.901114606764168
"EN26_200",1590,"C",0.43868598411791
"EN26_200",1609,"Fe",0.317516013514251
"EN26_200",1609,"Mn",0.0238561672158539
"EN26_200",1609,"Se",0.560737665509805
"EN26_200",1609,"C",0.232389248209074
"EN26_200",1612,"Fe",0.219694888452068
"EN26_200",1612,"Mn",0.472695366246626
"EN26_200",1612,"Se",0.951015209313482
"EN26_200",1612,"C",0.734357859939337
"EN26_200",1614,"Fe",0.67069153347984
"EN26_200",1614,"Mn",0.178557626204565
"EN26_200",1614,"Se",0.530729397200048
"EN26_200",1614,"C",0.884665247285739
"EN26_200",1620,"Fe",0.0963087561540306
"EN26_200",1620,"Mn",0.550303825177252
"EN26_200",1620,"Se",0.594291266519576
"EN26_200",1620,"C",0.176814044592902
"EN26_200",1623,"Fe",0.186303638154641
"EN26_200",1623,"Mn",0.312512802658603
"EN26_200",1623,"Se",0.0467013127636164
"EN26_200",1623,"C",0.379394794115797
"EN26_200",1624,"Fe",0.168323204154149
"EN26_200",1624,"Mn",0.11676366860047
"EN26_200",1624,"Se",0.324728742940351
"EN26_200",1624,"C",0.0283514971379191
"EN26_200",1637,"Fe",0.595154760172591
"EN26_200",1637,"Mn",0.470941455801949
"EN26_200",1637,"Se",0.0244065409060568
"EN26_200",1637,"C",0.627081284765154
"EN26_200",1642,"Fe",0.0169468454550952
"EN26_200",1642,"Mn",0.878639750182629
"EN26_200",1642,"Se",0.889196964679286
"EN26_200",1642,"C",0.816806119633839
"EN26_200",1670,"Fe",0.7931069645565
"EN26_200",1670,"Mn",0.354321932187304
"EN26_200",1670,"Se",0.84616147633642
"EN26_200",1670,"C",0.290185022633523
"EN26_200",1680,"Fe",0.248954266775399
"EN26_200",1680,"Mn",0.801696375012398
"EN26_200",1680,"Se",0.742378101916984
"EN26_200",1680,"C",0.783143122680485
"EN26_200",1685,"Fe",0.900242804083973
"EN26_200",1685,"Mn",0.928965060273185
"EN26_200",1685,"Se",0.880793269025162
"EN26_200",1685,"C",0.862926188390702
"EN26_200",1687,"Fe",0.550662367371842
"EN26_200",1687,"Mn",0.188408073037863
"EN26_200",1687,"Se",0.315171934431419
"EN26_200",1687,"C",0.207207593601197
"EN26_200",1694,"Fe",0.626527166459709
"EN26_200",1694,"Mn",0.714777064044029
"EN26_200",1694,"Se",0.0753077415283769
"EN26_200",1694,"C",0.257746631512418
"EN26_200",1696,"Fe",0.23775523644872
"EN26_200",1696,"Mn",0.180067402310669
"EN26_200",1696,"Se",0.6677924268879
"EN26_200",1696,"C",0.179616680601612
"EN26_200",1710,"Fe",0.414780013728887
"EN26_200",1710,"Mn",0.905224815476686
"EN26_200",1710,"Se",0.297764221439138
"EN26_200",1710,"C",0.784941067453474
"EN26_200",1732,"Fe",0.542874745791778
"EN26_200",1732,"Mn",0.862987220985815
"EN26_200",1732,"Se",0.763318446930498
"EN26_200",1732,"C",0.628514324082062
"EN26_200",1759,"Fe",0.345206848811358
"EN26_200",1759,"Mn",0.607589432504028
"EN26_200",1759,"Se",0.893324088538066
"EN26_200",1759,"C",0.58924639923498
"EN26_200",1760,"Fe",0.730563374701887
"EN26_200",1760,"Mn",0.910646525910124
"EN26_200",1760,"Se",0.459754098206758
"EN26_200",1760,"C",0.747816254617646
"EN26_200",1772,"Fe",0.514890433289111
"EN26_200",1772,"Mn",0.643557007424533
"EN26_200",1772,"Se",0.566009719623253
"EN26_200",1772,"C",0.32042068685405
"EN26_200",1777,"Fe",0.0481279718223959
"EN26_200",1777,"Mn",0.746886343695223
"EN26_200",1777,"Se",0.888298158533871
"EN26_200",1777,"C",0.304163261782378
"EN26_200",1786,"Fe",0.799701560754329
"EN26_200",1786,"Mn",0.299209191929549
"EN26_200",1786,"Se",0.829250809270889
"EN26_200",1786,"C",0.0500034207943827
"EN26_200",1792,"Fe",0.0401031437795609
"EN26_200",1792,"Mn",0.169959558872506
"EN26_200",1792,"Se",0.747424965025857
"EN26_200",1792,"C",0.0343595268204808
"EN26_200",1796,"Fe",0.11575155518949
"EN26_200",1796,"Mn",0.738516902085394
"EN26_200",1796,"Se",0.12559035141021
"EN26_200",1796,"C",0.914523317012936
"EN26_200",1820,"Fe",0.508031387347728
"EN26_200",1820,"Mn",0.760579264024273
"EN26_200",1820,"Se",0.268587648868561
"EN26_200",1820,"C",0.943126581609249
"EN26_200",1825,"Fe",0.882687828270718
"EN26_200",1825,"Mn",0.890574156073853
"EN26_200",1825,"Se",0.584617384476587
"EN26_200",1825,"C",0.276848308742046
"EN26_200",1839,"Fe",0.710097307339311
"EN26_200",1839,"Mn",0.177992930402979
"EN26_200",1839,"Se",0.443029196001589
"EN26_200",1839,"C",0.223506769398227
"EN26_200",1841,"Fe",0.419966833200306
"EN26_200",1841,"Mn",0.299296937184408
"EN26_200",1841,"Se",0.168885388411582
"EN26_200",1841,"C",0.955585244577378
"EN26_200",1872,"Fe",0.429408627795056
"EN26_200",1872,"Mn",0.617916966089979
"EN26_200",1872,"Se",0.381187551887706
"EN26_200",1872,"C",0.268184741493315
"EN26_200",1890,"Fe",0.645760668907315
"EN26_200",1890,"Mn",0.00372866238467395
"EN26_200",1890,"Se",0.976027510361746
"EN26_200",1890,"C",0.500457444461063
"EN26_200",1899,"Fe",0.585620302474126
"EN26_200",1899,"Mn",0.877851070603356
"EN26_200",1899,"Se",0.504099268699065
"EN26_200",1899,"C",0.65099480911158
"EN26_200",1908,"Fe",0.656957184430212
"EN26_200",1908,"Mn",0.951797315618023
"EN26_200",1908,"Se",0.767708194209263
"EN26_200",1908,"C",0.221854131901637
"EN26_200",1914,"Fe",0.978341712383553
"EN26_200",1914,"Mn",0.763177945977077
"EN26_200",1914,"Se",0.931630156002939
"EN26_200",1914,"C",0.0967568149790168
"EN26_200",1926,"Fe",0.865322759607807
"EN26_200",1926,"Mn",0.847461491823196
"EN26_200",1926,"Se",0.224647493800148
"EN26_200",1926,"C",0.438147540204227
"EN26_200",1935,"Fe",0.346624830272049
"EN26_200",1935,"Mn",0.31219994998537
"EN26_200",1935,"Se",0.22098265378736
"EN26_200",1935,"C",0.768024308141321
"EN26_200",1939,"Fe",0.953292146790773
"EN26_200",1939,"Mn",0.513237287290394
"EN26_200",1939,"Se",0.897370158694685
"EN26_200",1939,"C",0.688333535101265
"EN26_200",1944,"Fe",0.889360264874995
"EN26_200",1944,"Mn",0.231515926076099
"EN26_200",1944,"Se",0.762191580375656
"EN26_200",1944,"C",0.56235824408941
"EN26_200",1963,"Fe",0.415223815245554
"EN26_200",1963,"Mn",0.677883353084326
"EN26_200",1963,"Se",0.555105706211179
"EN26_200",1963,"C",0.0937531050294638
"EN26_200",1976,"Fe",0.547292680712417
"EN26_200",1976,"Mn",0.369224797701463
"EN26_200",1976,"Se",0.338367303367704
"EN26_200",1976,"C",0.718055338831618
"EN26_200",1988,"Fe",0.0816459397319704
"EN26_200",1988,"Mn",0.0906134825199842
"EN26_200",1988,"Se",0.222424414008856
"EN26_200",1988,"C",0.657462868373841
"EN26_200",2011,"Fe",0.68873387388885
"EN26_200",2011,"Mn",0.274636850925162
"EN26_200",2011,"Se",0.817262792261317
"EN26_200",2011,"C",0.714213691884652
"EN26_201",1010,"Fe",0.591234514722601
"EN26_201",1010,"Mn",0.972449777415022
"EN26_201",1010,"Se",0.142561096698046
"EN26_201",1010,"C",0.175630375277251
"EN26_201",1023,"Fe",0.000975832110270858
"EN26_201",1023,"Mn",0.770460091996938
"EN26_201",1023,"Se",0.0829626084305346
"EN26_201",1023,"C",0.321828247047961
"EN26_201",1061,"Fe",0.536440094467252
"EN26_201",1061,"Mn",0.945432205917314
"EN26_201",1061,"Se",0.449106402695179
"EN26_201",1061,"C",0.104035566095263
"EN26_201",1063,"Fe",0.526530904695392
"EN26_201",1063,"Mn",0.858955709263682
"EN26_201",1063,"Se",0.799687044462189
"EN26_201",1063,"C",0.731683800695464
"EN26_201",1071,"Fe",0.97634258819744
"EN26_201",1071,"Mn",0.920596779556945
"EN26_201",1071,"Se",0.874274459667504
"EN26_201",1071,"C",0.622909591533244
"EN26_201",1100,"Fe",0.647691510152072
"EN26_201",1100,"Mn",0.816445750417188
"EN26_201",1100,"Se",0.278946979669854
"EN26_201",1100,"C",0.809316951083019
"EN26_201",1117,"Fe",0.897486933041364
"EN26_201",1117,"Mn",0.0492480613756925
"EN26_201",1117,"Se",0.0768509856425226
"EN26_201",1117,"C",0.026121323229745
"EN26_201",1126,"Fe",0.391928661847487
"EN26_201",1126,"Mn",0.674856134457514
"EN26_201",1126,"Se",0.162599212955683
"EN26_201",1126,"C",0.783645100193098
"EN26_201",1146,"Fe",0.983553664758801
"EN26_201",1146,"Mn",0.176579277031124
"EN26_201",1146,"Se",0.628043039701879
"EN26_201",1146,"C",0.484377675689757
"EN26_201",1148,"Fe",0.596148531651124
"EN26_201",1148,"Mn",0.323033777531236
"EN26_201",1148,"Se",0.293451469158754
"EN26_201",1148,"C",0.402363380184397
"EN26_201",1169,"Fe",0.738199284533039
"EN26_201",1169,"Mn",0.739489516709
"EN26_201",1169,"Se",0.0789124723523855
"EN26_201",1169,"C",0.694897744804621
"EN26_201",1173,"Fe",0.733713897876441
"EN26_201",1173,"Mn",0.00462752440944314
"EN26_201",1173,"Se",0.936897396109998
"EN26_201",1173,"C",0.789717964828014
"EN26_201",1179,"Fe",0.512552471831441
"EN26_201",1179,"Mn",0.611276026582345
"EN26_201",1179,"Se",0.984345767181367
"EN26_201",1179,"C",0.311817766167223
"EN26_201",1185,"Fe",0.342893593711779
"EN26_201",1185,"Mn",0.318103549536318
"EN26_201",1185,"Se",0.667202324140817
"EN26_201",1185,"C",0.429395283572376
"EN26_201",1192,"Fe",0.465942007955164
"EN26_201",1192,"Mn",0.879533562576398
"EN26_201",1192,"Se",0.621367563959211
"EN26_201",1192,"C",0.222804830642417
"EN26_201",1197,"Fe",0.475403615972027
"EN26_201",1197,"Mn",0.63008589297533
"EN26_201",1197,"Se",0.459140812046826
"EN26_201",1197,"C",0.552735766395926
"EN26_201",1231,"Fe",0.239636050537229
"EN26_201",1231,"Mn",0.193388653220609
"EN26_201",1231,"Se",0.234622715739533
"EN26_201",1231,"C",0.163685781648383
"EN26_201",1238,"Fe",0.763669308740646
"EN26_201",1238,"Mn",0.374013339867815
"EN26_201",1238,"Se",0.76477457000874
"EN26_201",1238,"C",0.0922283637337387
"EN26_201",1253,"Fe",0.3013665152248
"EN26_201",1253,"Mn",0.89652299718
"EN26_201",1253,"Se",0.574368247296661
"EN26_201",1253,"C",0.140004814369604
"EN26_201",1254,"Fe",0.445045906817541
"EN26_201",1254,"Mn",0.316255551297218
"EN26_201",1254,"Se",0.052746961126104
"EN26_201",1254,"C",0.685765387723222
"EN26_201",1258,"Fe",0.426464049611241
"EN26_201",1258,"Mn",0.626839110860601
"EN26_201",1258,"Se",0.047389027196914
"EN26_201",1258,"C",0.283346795244142
"EN26_201",1264,"Fe",0.310564594808966
"EN26_201",1264,"Mn",0.469242036342621
"EN26_201",1264,"Se",0.239729072200134
"EN26_201",1264,"C",0.386101591633633
"EN26_201",1272,"Fe",0.885900066001341
"EN26_201",1272,"Mn",0.360452843597159
"EN26_201",1272,"Se",0.256535174092278
"EN26_201",1272,"C",0.437810969073325
"EN26_201",1274,"Fe",0.436936578014866
"EN26_201",1274,"Mn",0.500126926694065
"EN26_201",1274,"Se",0.306236728094518
"EN26_201",1274,"C",0.589747719699517
"EN26_201",1309,"Fe",0.343537536915392
"EN26_201",1309,"Mn",0.716824751580134
"EN26_201",1309,"Se",0.985415494767949
"EN26_201",1309,"C",0.348091676132753
"EN26_201",1310,"Fe",0.251398369902745
"EN26_201",1310,"Mn",0.509341507451609
"EN26_201",1310,"Se",0.570936418371275
"EN26_201",1310,"C",0.707707334309816
"EN26_201",1319,"Fe",0.970362409250811
"EN26_201",1319,"Mn",0.0385743472725153
"EN26_201",1319,"Se",0.545790493488312
"EN26_201",1319,"C",0.0228820545598865
"EN26_201",1332,"Fe",0.356519880704582
"EN26_201",1332,"Mn",0.964350338326767
"EN26_201",1332,"Se",0.832988235168159
"EN26_201",1332,"C",0.232182421488687
"EN26_201",1335,"Fe",0.0289534570183605
"EN26_201",1335,"Mn",0.585949519183487
"EN26_201",1335,"Se",0.982469378039241
"EN26_201",1335,"C",0.862877824809402
"EN26_201",1345,"Fe",0.115845555905253
"EN26_201",1345,"Mn",0.115161879220977
"EN26_201",1345,"Se",0.441493496997282
"EN26_201",1345,"C",0.0354451371822506
"EN26_201",1358,"Fe",0.270943883107975
"EN26_201",1358,"Mn",0.821136862039566
"EN26_201",1358,"Se",0.283136456971988
"EN26_201",1358,"C",0.0914966422133148
"EN26_201",1368,"Fe",0.962697314098477
"EN26_201",1368,"Mn",0.923787478823215
"EN26_201",1368,"Se",0.243353941943496
"EN26_201",1368,"C",0.739659678889439
"EN26_201",1378,"Fe",0.694736423203722
"EN26_201",1378,"Mn",0.236531821545213
"EN26_201",1378,"Se",0.739688290748745
"EN26_201",1378,"C",0.323452856391668
"EN26_201",1388,"Fe",0.500124726677313
"EN26_201",1388,"Mn",0.956122809788212
"EN26_201",1388,"Se",0.769334579817951
"EN26_201",1388,"C",0.00508767506107688
"EN26_201",1396,"Fe",0.105366984149441
"EN26_201",1396,"Mn",0.255312810651958
"EN26_201",1396,"Se",0.285316300345585
"EN26_201",1396,"C",0.322657125070691
"EN26_201",1426,"Fe",0.928136719856411
"EN26_201",1426,"Mn",0.557249838486314
"EN26_201",1426,"Se",0.48210822744295
"EN26_201",1426,"C",0.888631015783176
"EN26_201",1432,"Fe",0.344416009960696
"EN26_201",1432,"Mn",0.723232606425881
"EN26_201",1432,"Se",0.522753558587283
"EN26_201",1432,"C",0.82602055487223
"EN26_201",1434,"Fe",0.846760367508978
"EN26_201",1434,"Mn",0.51445565209724
"EN26_201",1434,"Se",0.794051244622096
"EN26_201",1434,"C",0.5843157581985
"EN26_201",1436,"Fe",0.40550100337714
"EN26_201",1436,"Mn",0.529140594881028
"EN26_201",1436,"Se",0.890646961517632
"EN26_201",1436,"C",0.577966532902792
"EN26_201",1443,"Fe",0.761585123371333
"EN26_201",1443,"Mn",0.368417940102518
"EN26_201",1443,"Se",0.982566771563143
"EN26_201",1443,"C",0.189621457597241
"EN26_201",1450,"Fe",0.95013857097365
"EN26_201",1450,"Mn",0.976740570738912
"EN26_201",1450,"Se",0.313780281925574
"EN26_201",1450,"C",0.671367922564968
"EN26_201",1451,"Fe",0.300774577772245
"EN26_201",1451,"Mn",0.852832827018574
"EN26_201",1451,"Se",0.463018063921481
"EN26_201",1451,"C",0.644891588017344
"EN26_201",1463,"Fe",0.16637924243696
"EN26_201",1463,"Mn",0.283793981885538
"EN26_201",1463,"Se",0.882193387486041
"EN26_201",1463,"C",0.40638327691704
"EN26_201",1472,"Fe",0.595828535733745
"EN26_201",1472,"Mn",0.941098592011258
"EN26_201",1472,"Se",0.168380238348618
"EN26_201",1472,"C",0.123538713203743
"EN26_201",1489,"Fe",0.441549741430208
"EN26_201",1489,"Mn",0.543287099804729
"EN26_201",1489,"Se",0.242354075890034
"EN26_201",1489,"C",0.779956520069391
"EN26_201",1491,"Fe",0.456321786856279
"EN26_201",1491,"Mn",0.840764736756682
"EN26_201",1491,"Se",0.22856456739828
"EN26_201",1491,"C",0.0851866886951029
"EN26_201",1500,"Fe",0.206658013630658
"EN26_201",1500,"Mn",0.98086410923861
"EN26_201",1500,"Se",0.904487063875422
"EN26_201",1500,"C",0.28212347230874
"EN26_201",1503,"Fe",0.869923285674304
"EN26_201",1503,"Mn",0.659370981855318
"EN26_201",1503,"Se",0.696452284231782
"EN26_201",1503,"C",0.404479363234714
"EN26_201",1508,"Fe",0.754682387923822
"EN26_201",1508,"Mn",0.3522418087814
"EN26_201",1508,"Se",0.729404083453119
"EN26_201",1508,"C",0.0281963935121894
"EN26_201",1515,"Fe",0.541546289110556
"EN26_201",1515,"Mn",0.187244254630059
"EN26_201",1515,"Se",0.148658168036491
"EN26_201",1515,"C",0.927698260406032
"EN26_201",1520,"Fe",0.638637704774737
"EN26_201",1520,"Mn",0.439847238129005
"EN26_201",1520,"Se",0.214845249895006
"EN26_201",1520,"C",0.0156671844888479
"EN26_201",1524,"Fe",0.119461205322295
"EN26_201",1524,"Mn",0.999449777649716
"EN26_201",1524,"Se",0.18840348534286
"EN26_201",1524,"C",0.80407832423225
"EN26_201",1532,"Fe",0.0667665100190789
"EN26_201",1532,"Mn",0.2505959183909
"EN26_201",1532,"Se",0.413168766768649
"EN26_201",1532,"C",0.362683442886919
"EN26_201",1543,"Fe",0.713942817412317
"EN26_201",1543,"Mn",0.678956971736625
"EN26_201",1543,"Se",0.764967346098274
"EN26_201",1543,"C",0.0614804595243186
"EN26_201",1552,"Fe",0.550507222767919
"EN26_201",1552,"Mn",0.334490503184497
"EN26_201",1552,"Se",0.684558772016317
"EN26_201",1552,"C",0.762190968031064
"EN26_201",1555,"Fe",0.103651268407702
"EN26_201",1555,"Mn",0.166626257589087
"EN26_201",1555,"Se",0.26620782003738
"EN26_201",1555,"C",0.983235601335764
"EN26_201",1556,"Fe",0.250603907974437
"EN26_201",1556,"Mn",0.263991782441735
"EN26_201",1556,"Se",0.513203564798459
"EN26_201",1556,"C",0.494542500702664
"EN26_201",1560,"Fe",0.943948917090893
"EN26_201",1560,"Mn",0.692846646299586
"EN26_201",1560,"Se",0.459585663396865
"EN26_201",1560,"C",0.667526085162535
"EN26_201",1562,"Fe",0.0856058383360505
"EN26_201",1562,"Mn",0.370083032175899
"EN26_201",1562,"Se",0.972413794370368
"EN26_201",1562,"C",0.0905743155162781
"EN26_201",1588,"Fe",0.0880993304308504
"EN26_201",1588,"Mn",0.208699452923611
"EN26_201",1588,"Se",0.902792318956926
"EN26_201",1588,"C",0.524988361401483
"EN26_201",1590,"Fe",0.59905964252539
"EN26_201",1590,"Mn",0.547619549557567
"EN26_201",1590,"Se",0.441184289986268
"EN26_201",1590,"C",0.0294491283129901
"EN26_201",1635,"Fe",0.707165522500873
"EN26_201",1635,"Mn",0.0928042435552925
"EN26_201",1635,"Se",0.258715928299353
"EN26_201",1635,"C",0.769517185166478
"EN26_201",1643,"Fe",0.350479405373335
"EN26_201",1643,"Mn",0.0790930697694421
"EN26_201",1643,"Se",0.027724344516173
"EN26_201",1643,"C",0.663153362693265
"EN26_201",1662,"Fe",0.208486711373553
"EN26_201",1662,"Mn",0.981066959910095
"EN26_201",1662,"Se",0.28807071223855
"EN26_201",1662,"C",0.665967696346343
"EN26_201",1678,"Fe",0.365263906074688
"EN26_201",1678,"Mn",0.763860343955457
"EN26_201",1678,"Se",0.156111015705392
"EN26_201",1678,"C",0.0836836614180356
"EN26_201",1683,"Fe",0.819242492550984
"EN26_201",1683,"Mn",0.564545297296718
"EN26_201",1683,"Se",0.908462473424152
"EN26_201",1683,"C",0.263768229167908
"EN26_201",1688,"Fe",0.629318370716646
"EN26_201",1688,"Mn",0.222731826594099
"EN26_201",1688,"Se",0.71744968672283
"EN26_201",1688,"C",0.420068457489833
"EN26_201",1704,"Fe",0.424431247403845
"EN26_201",1704,"Mn",0.637922833673656
"EN26_201",1704,"Se",0.217843496240675
"EN26_201",1704,"C",0.219019931275398
"EN26_201",1705,"Fe",0.20187668595463
"EN26_201",1705,"Mn",0.528754316968843
"EN26_201",1705,"Se",0.433320544892922
"EN26_201",1705,"C",0.668789084767923
"EN26_201",1708,"Fe",0.998928423970938
"EN26_201",1708,"Mn",0.201423888094723
"EN26_201",1708,"Se",0.395834516035393
"EN26_201",1708,"C",0.579852821072564
"EN26_201",1720,"Fe",0.513408189406618
"EN26_201",1720,"Mn",0.146324538392946
"EN26_201",1720,"Se",0.191526505397633
"EN26_201",1720,"C",0.510521591873839
"EN26_201",1721,"Fe",0.849643043708056
"EN26_201",1721,"Mn",0.819283227669075
"EN26_201",1721,"Se",0.935252496507019
"EN26_201",1721,"C",0.615762531757355
"EN26_201",1739,"Fe",0.341459597460926
"EN26_201",1739,"Mn",0.358849118929356
"EN26_201",1739,"Se",0.157907298533246
"EN26_201",1739,"C",0.0633733181748539
"EN26_201",1744,"Fe",0.796745400410146
"EN26_201",1744,"Mn",0.156948758754879
"EN26_201",1744,"Se",0.667744701029733
"EN26_201",1744,"C",0.547470537712798
"EN26_201",1756,"Fe",0.0520914338994771
"EN26_201",1756,"Mn",0.162795525509864
"EN26_201",1756,"Se",0.370699185878038
"EN26_201",1756,"C",0.807612482458353
"EN26_201",1772,"Fe",0.45885495422408
"EN26_201",1772,"Mn",0.0601253875065595
"EN26_201",1772,"Se",0.820523329777643
"EN26_201",1772,"C",0.20232475316152
"EN26_201",1780,"Fe",0.0654502711258829
"EN26_201",1780,"Mn",0.438758250558749
"EN26_201",1780,"Se",0.968044253997505
"EN26_201",1780,"C",0.430261513451114
"EN26_201",1797,"Fe",0.656703979475424
"EN26_201",1797,"Mn",0.919686565874144
"EN26_201",1797,"Se",0.748551716795191
"EN26_201",1797,"C",0.73875758680515
"EN26_201",1808,"Fe",0.851109584793448
"EN26_201",1808,"Mn",0.264632181497291
"EN26_201",1808,"Se",0.841185258002952
"EN26_201",1808,"C",0.97321144095622
"EN26_201",1823,"Fe",0.0531054241582751
"EN26_201",1823,"Mn",0.883562123402953
"EN26_201",1823,"Se",0.204344084952027
"EN26_201",1823,"C",0.203578375745565
"EN26_201",1828,"Fe",0.354700959753245
"EN26_201",1828,"Mn",0.250446200370789
"EN26_201",1828,"Se",0.613145396113396
"EN26_201",1828,"C",0.690146525856107
"EN26_201",1842,"Fe",0.400159668875858
"EN26_201",1842,"Mn",0.493733545765281
"EN26_201",1842,"Se",0.123643062775955
"EN26_201",1842,"C",0.113752924604341
"EN26_201",1853,"Fe",0.506080074934289
"EN26_201",1853,"Mn",0.630105744348839
"EN26_201",1853,"Se",0.0729441840667278
"EN26_201",1853,"C",0.863872314803302
"EN26_201",1854,"Fe",0.992745269322768
"EN26_201",1854,"Mn",0.527168410364538
"EN26_201",1854,"Se",0.847802740288898
"EN26_201",1854,"C",0.893101249122992
"EN26_201",1860,"Fe",0.496337676653638
"EN26_201",1860,"Mn",0.776540178107098
"EN26_201",1860,"Se",0.481928918510675
"EN26_201",1860,"C",0.96498566144146
"EN26_201",1863,"Fe",0.67320346343331
"EN26_201",1863,"Mn",0.228027553996071
"EN26_201",1863,"Se",0.795636071357876
"EN26_201",1863,"C",0.079402957810089
"EN26_201",1877,"Fe",0.222305012634024
"EN26_201",1877,"Mn",0.414307283237576
"EN26_201",1877,"Se",0.579337548464537
"EN26_201",1877,"C",0.685632686363533
"EN26_201",1915,"Fe",0.776394999586046
"EN26_201",1915,"Mn",0.560557111399248
"EN26_201",1915,"Se",0.242719818837941
"EN26_201",1915,"C",0.636467065894976
"EN26_201",1918,"Fe",0.603015389293432
"EN26_201",1918,"Mn",0.856199382338673
"EN26_201",1918,"Se",0.280843664659187
"EN26_201",1918,"C",0.571908984100446
"EN26_201",1920,"Fe",0.254791113082319
"EN26_201",1920,"Mn",0.64046532381326
"EN26_201",1920,"Se",0.976253776578233
"EN26_201",1920,"C",0.815843801479787
"EN26_201",1925,"Fe",0.474405633285642
"EN26_201",1925,"Mn",0.661264452384785
"EN26_201",1925,"Se",0.797105245059356
"EN26_201",1925,"C",0.27969749015756
"EN26_201",1964,"Fe",0.615549277979881
"EN26_201",1964,"Mn",0.397207475500181
"EN26_201",1964,"Se",0.241453677881509
"EN26_201",1964,"C",0.398364554857835
"EN26_201",1974,"Fe",0.90418709279038
"EN26_201",1974,"Mn",0.113157476997003
"EN26_201",1974,"Se",0.263651173328981
"EN26_201",1974,"C",0.402102270629257
"EN26_201",1992,"Fe",0.00377727136947215
"EN26_201",1992,"Mn",0.491296880412847
"EN26_201",1992,"Se",0.389947244897485
"EN26_201",1992,"C",0.72327122092247
"EN26_201",2013,"Fe",0.478949118405581
"EN26_201",2013,"Mn",0.0389686662238091
"EN26_201",2013,"Se",0.0902663592714816
"EN26_201",2013,"C",0.0839543654583395
"EN26_201",2016,"Fe",0.186830469639972
"EN26_201",2016,"Mn",0.821424068650231
"EN26_201",2016,"Se",0.700373930856586
"EN26_201",2016,"C",0.997935181949288
"EN26_201",2018,"Fe",0.538006934570149
"EN26_201",2018,"Mn",0.802907430566847
"EN26_201",2018,"Se",0.669998009223491
"EN26_201",2018,"C",0.0137243829667568
"EN26_201",2021,"Fe",0.481114028720185
"EN26_201",2021,"Mn",0.67957454524003
"EN26_201",2021,"Se",0.92873840755783
"EN26_201",2021,"C",0.19863718515262
"EN26_201",2024,"Fe",0.676864644745365
"EN26_201",2024,"Mn",0.551461632130668
"EN26_201",2024,"Se",0.647546281339601
"EN26_201",2024,"C",0.407649385742843
"EN26_201",2025,"Fe",0.221951825777069
"EN26_201",2025,"Mn",0.0383228159043938
"EN26_201",2025,"Se",0.535664540948346
"EN26_201",2025,"C",0.410329431062564
"EN26_202",1007,"Fe",0.248232839629054
"EN26_202",1007,"Mn",0.256278242217377
"EN26_202",1007,"Se",0.950092293554917
"EN26_202",1007,"C",0.734920321963727
"EN26_202",1019,"Fe",0.243465296691284
"EN26_202",1019,"Mn",0.262089408701286
"EN26_202",1019,"Se",0.232667051255703
"EN26_202",1019,"C",0.961533722467721
"EN26_202",1021,"Fe",0.120177095988765
"EN26_202",1021,"Mn",0.707899503177032
"EN26_202",1021,"Se",0.524365368764848
"EN26_202",1021,"C",0.281244716607034
"EN26_202",1023,"Fe",0.923005250748247
"EN26_202",1023,"Mn",0.73932614014484
"EN26_202",1023,"Se",0.824949301080778
"EN26_202",1023,"C",0.954713333630934
"EN26_202",1034,"Fe",0.0753367946017534
"EN26_202",1034,"Mn",0.615113859297708
"EN26_202",1034,"Se",0.144090238027275
"EN26_202",1034,"C",0.2259785188362
"EN26_202",1044,"Fe",0.44227066449821
"EN26_202",1044,"Mn",0.62042840430513
"EN26_202",1044,"Se",0.522804457694292
"EN26_202",1044,"C",0.766773648094386
"EN26_202",1045,"Fe",0.323338223388419
"EN26_202",1045,"Mn",0.890248060692102
"EN26_202",1045,"Se",0.0350445988588035
"EN26_202",1045,"C",0.5469417180866
"EN26_202",1065,"Fe",0.699832032900304
"EN26_202",1065,"Mn",0.50510154501535
"EN26_202",1065,"Se",0.42244123481214
"EN26_202",1065,"C",0.238703976618126
"EN26_202",1071,"Fe",0.219626770121977
"EN26_202",1071,"Mn",0.65340713202022
"EN26_202",1071,"Se",0.96412924095057
"EN26_202",1071,"C",0.100502570858225
"EN26_202",1088,"Fe",0.0746972553897649
"EN26_202",1088,"Mn",0.167589109623805
"EN26_202",1088,"Se",0.920292666880414
"EN26_202",1088,"C",0.168816717574373
"EN26_202",1098,"Fe",0.416040728567168
"EN26_202",1098,"Mn",0.789815121563151
"EN26_202",1098,"Se",0.126042319228873
"EN26_202",1098,"C",0.687836516648531
"EN26_202",1100,"Fe",0.381244332995266
"EN26_202",1100,"Mn",0.187446823110804
"EN26_202",1100,"Se",0.877382865874097
"EN26_202",1100,"C",0.31312062125653
"EN26_202",1104,"Fe",0.717617487069219
"EN26_202",1104,"Mn",0.428552403114736
"EN26_202",1104,"Se",0.543527296977118
"EN26_202",1104,"C",0.0310063133947551
"EN26_202",1110,"Fe",0.136914516799152
"EN26_202",1110,"Mn",0.239566308213398
"EN26_202",1110,"Se",0.524543869309127
"EN26_202",1110,"C",0.0959537385497242
"EN26_202",1130,"Fe",0.759517158614472
"EN26_202",1130,"Mn",0.382289329078048
"EN26_202",1130,"Se",0.462969954125583
"EN26_202",1130,"C",0.917316346429288
"EN26_202",1150,"Fe",0.372203613631427
"EN26_202",1150,"Mn",0.100247021997347
"EN26_202",1150,"Se",0.486192380078137
"EN26_202",1150,"C",0.0405087820254266
"EN26_202",1156,"Fe",0.495009677950293
"EN26_202",1156,"Mn",0.369207000592723
"EN26_202",1156,"Se",0.174128518905491
"EN26_202",1156,"C",0.0762570456136018
"EN26_202",1168,"Fe",0.301453908905387
"EN26_202",1168,"Mn",0.425523483194411
"EN26_202",1168,"Se",0.425770767498761
"EN26_202",1168,"C",0.626392991514876
"EN26_202",1172,"Fe",0.548155671684071
"EN26_202",1172,"Mn",0.371554210083559
"EN26_202",1172,"Se",0.746026604901999
"EN26_202",1172,"C",0.217624998651445
"EN26_202",1184,"Fe",0.376651619095355
"EN26_202",1184,"Mn",0.500770427519456
"EN26_202",1184,"Se",0.902388953138143
"EN26_202",1184,"C",0.355537238530815
"EN26_202",1227,"Fe",0.285676727537066
"EN26_202",1227,"Mn",0.924891897244379
"EN26_202",1227,"Se",0.93433968257159
"EN26_202",1227,"C",0.768841298762709
"EN26_202",1243,"Fe",0.795262419153005
"EN26_202",1243,"Mn",0.338071406120434
"EN26_202",1243,"Se",0.975371298380196
"EN26_202",1243,"C",0.480786208529025
"EN26_202",1246,"Fe",0.499560598749667
"EN26_202",1246,"Mn",0.34265892393887
"EN26_202",1246,"Se",0.0760382490698248
"EN26_202",1246,"C",0.397040194598958
"EN26_202",1262,"Fe",0.813719136174768
"EN26_202",1262,"Mn",0.313521807547659
"EN26_202",1262,"Se",0.098413193365559
"EN26_202",1262,"C",0.141315111191943
"EN26_202",1266,"Fe",0.362886290531605
"EN26_202",1266,"Mn",0.97648693388328
"EN26_202",1266,"Se",0.498887729365379
"EN26_202",1266,"C",0.0485546307172626
"EN26_202",1271,"Fe",0.149056534282863
"EN26_202",1271,"Mn",0.937380661256611
"EN26_202",1271,"Se",0.0956135729793459
"EN26_202",1271,"C",0.543325203470886
"EN26_202",1278,"Fe",0.0912130563519895
"EN26_202",1278,"Mn",0.495817261748016
"EN26_202",1278,"Se",0.766875120112672
"EN26_202",1278,"C",0.598157414002344
"EN26_202",1302,"Fe",0.00686200498603284
"EN26_202",1302,"Mn",0.965162666514516
"EN26_202",1302,"Se",0.098535863449797
"EN26_202",1302,"C",0.353265410521999
"EN26_202",1304,"Fe",0.957683864515275
"EN26_202",1304,"Mn",0.980267617385834
"EN26_202",1304,"Se",0.787983856163919
"EN26_202",1304,"C",0.813266586046666
"EN26_202",1322,"Fe",0.789022490615025
"EN26_202",1322,"Mn",0.699084884487092
"EN26_202",1322,"Se",0.541894652880728
"EN26_202",1322,"C",0.98580856458284
"EN26_202",1325,"Fe",0.489000926958397
"EN26_202",1325,"Mn",0.159429863328114
"EN26_202",1325,"Se",0.72280857572332
"EN26_202",1325,"C",0.687660420546308
"EN26_202",1330,"Fe",0.179189041024074
"EN26_202",1330,"Mn",0.109506435925141
"EN26_202",1330,"Se",0.514067641459405
"EN26_202",1330,"C",0.58593495329842
"EN26_202",1341,"Fe",0.523601589491591
"EN26_202",1341,"Mn",0.917569224955514
"EN26_202",1341,"Se",0.486951893894002
"EN26_202",1341,"C",0.475277999415994
"EN26_202",1344,"Fe",0.219253276474774
"EN26_202",1344,"Mn",0.124129054602236
"EN26_202",1344,"Se",0.762001056224108
"EN26_202",1344,"C",0.443992759101093
"EN26_202",1345,"Fe",0.471056568669155
"EN26_202",1345,"Mn",0.766553279710934
"EN26_202",1345,"Se",0.883674021344632
"EN26_202",1345,"C",0.953482803422958
"EN26_202",1351,"Fe",0.308435009559616
"EN26_202",1351,"Mn",0.845956812612712
"EN26_202",1351,"Se",0.45857049850747
"EN26_202",1351,"C",0.883289381396025
"EN26_202",1360,"Fe",0.797547078691423
"EN26_202",1360,"Mn",0.222545535303652
"EN26_202",1360,"Se",0.133044422836974
"EN26_202",1360,"C",0.612988494569436
"EN26_202",1367,"Fe",0.335776700172573
"EN26_202",1367,"Mn",0.638323559658602
"EN26_202",1367,"Se",0.392203210387379
"EN26_202",1367,"C",0.671737229451537
"EN26_202",1373,"Fe",0.783798217074946
"EN26_202",1373,"Mn",0.511523144086823
"EN26_202",1373,"Se",0.928133663721383
"EN26_202",1373,"C",0.4221534836106
"EN26_202",1381,"Fe",0.438235603272915
"EN26_202",1381,"Mn",0.95154651789926
"EN26_202",1381,"Se",0.327610011445358
"EN26_202",1381,"C",0.500529836397618
"EN26_202",1404,"Fe",0.467159666586667
"EN26_202",1404,"Mn",0.146001359215006
"EN26_202",1404,"Se",0.484631079947576
"EN26_202",1404,"C",0.547047273488715
"EN26_202",1413,"Fe",0.508962959051132
"EN26_202",1413,"Mn",0.0496104850899428
"EN26_202",1413,"Se",0.923997286241502
"EN26_202",1413,"C",0.0765418547671288
"EN26_202",1419,"Fe",0.942064996343106
"EN26_202",1419,"Mn",0.0549356350675225
"EN26_202",1419,"Se",0.0863978588022292
"EN26_202",1419,"C",0.0993879153393209
"EN26_202",1436,"Fe",0.00383805762976408
"EN26_202",1436,"Mn",0.440047142095864
"EN26_202",1436,"Se",0.139359354972839
"EN26_202",1436,"C",0.796903418377042
"EN26_202",1452,"Fe",0.973268728936091
"EN26_202",1452,"Mn",0.118231321452186
"EN26_202",1452,"Se",0.91611088742502
"EN26_202",1452,"C",0.270902043674141
"EN26_202",1454,"Fe",0.00647682673297822
"EN26_202",1454,"Mn",0.249604557175189
"EN26_202",1454,"Se",0.46691297297366
"EN26_202",1454,"C",0.0165497832931578
"EN26_202",1490,"Fe",0.628630474908277
"EN26_202",1490,"Mn",0.233218410983682
"EN26_202",1490,"Se",0.371074144728482
"EN26_202",1490,"C",0.56942340452224
"EN26_202",1511,"Fe",0.362519702408463
"EN26_202",1511,"Mn",0.725770510500297
"EN26_202",1511,"Se",0.27462633070536
"EN26_202",1511,"C",0.749250894645229
"EN26_202",1513,"Fe",0.917741949437186
"EN26_202",1513,"Mn",0.728022819850594
"EN26_202",1513,"Se",0.204711526166648
"EN26_202",1513,"C",0.252520205453038
"EN26_202",1516,"Fe",0.463745596120134
"EN26_202",1516,"Mn",0.537587157450616
"EN26_202",1516,"Se",0.984320516698062
"EN26_202",1516,"C",0.279723425628617
"EN26_202",1526,"Fe",0.146005689166486
"EN26_202",1526,"Mn",0.0546181488316506
"EN26_202",1526,"Se",0.63307540747337
"EN26_202",1526,"C",0.809216066030785
"EN26_202",1549,"Fe",0.91935242107138
"EN26_202",1549,"Mn",0.523984007071704
"EN26_202",1549,"Se",0.0883712358772755
"EN26_202",1549,"C",0.53313044575043
"EN26_202",1550,"Fe",0.533636409090832
"EN26_202",1550,"Mn",0.0512480323668569
"EN26_202",1550,"Se",0.0394430616870522
"EN26_202",1550,"C",0.773948827758431
"EN26_202",1552,"Fe",0.57840200024657
"EN26_202",1552,"Mn",0.908447559457272
"EN26_202",1552,"Se",0.81134039722383
"EN26_202",1552,"C",0.823404762428254
"EN26_202",1576,"Fe",0.304454598808661
"EN26_202",1576,"Mn",0.843266709707677
"EN26_202",1576,"Se",0.63055432960391
"EN26_202",1576,"C",0.066089981701225
"EN26_202",1608,"Fe",0.833381581818685
"EN26_202",1608,"Mn",0.997831631451845
"EN26_202",1608,"Se",0.772135603474453
"EN26_202",1608,"C",0.88117990992032
"EN26_202",1644,"Fe",0.764563673641533
"EN26_202",1644,"Mn",0.658140344545245
"EN26_202",1644,"Se",0.55757767893374
"EN26_202",1644,"C",0.580462750978768
"EN26_202",1655,"Fe",0.183122309157625
"EN26_202",1655,"Mn",0.384962389944121
"EN26_202",1655,"Se",0.626478617545217
"EN26_202",1655,"C",0.306217639241368
"EN26_202",1658,"Fe",0.315690498799086
"EN26_202",1658,"Mn",0.419151907786727
"EN26_202",1658,"Se",0.820410259533674
"EN26_202",1658,"C",0.998875949764624
"EN26_202",1685,"Fe",0.225093234796077
"EN26_202",1685,"Mn",0.447021406143904
"EN26_202",1685,"Se",0.826514136046171
"EN26_202",1685,"C",0.568900113692507
"EN26_202",1697,"Fe",0.583722187206149
"EN26_202",1697,"Mn",0.720470275264233
"EN26_202",1697,"Se",0.890580982435495
"EN26_202",1697,"C",0.440099155763164
"EN26_202",1701,"Fe",0.230415456695482
"EN26_202",1701,"Mn",0.278905580518767
"EN26_202",1701,"Se",0.870747678680345
"EN26_202",1701,"C",0.209560315124691
"EN26_202",1703,"Fe",0.542097168741748
"EN26_202",1703,"Mn",0.861934869084507
"EN26_202",1703,"Se",0.664930501719937
"EN26_202",1703,"C",0.866058808751404
"EN26_202",1715,"Fe",0.768689727643505
"EN26_202",1715,"Mn",0.739931085146964
"EN26_202",1715,"Se",0.883892557118088
"EN26_202",1715,"C",0.767935164971277
"EN26_202",1726,"Fe",0.138727093813941
"EN26_202",1726,"Mn",0.627519030822441
"EN26_202",1726,"Se",0.196917640278116
"EN26_202",1726,"C",0.556820287834853
"EN26_202",1731,"Fe",0.773799686925486
"EN26_202",1731,"Mn",0.721029427368194
"EN26_202",1731,"Se",0.16718721552752
"EN26_202",1731,"C",0.512525609694421
"EN26_202",1744,"Fe",0.208450055215508
"EN26_202",1744,"Mn",0.924832332180813
"EN26_202",1744,"Se",0.087462404044345
"EN26_202",1744,"C",0.225479438668117
"EN26_202",1745,"Fe",0.673192671732977
"EN26_202",1745,"Mn",0.8929538349621
"EN26_202",1745,"Se",0.909601821098477
"EN26_202",1745,"C",0.0170681211166084
"EN26_202",1746,"Fe",0.811328821349889
"EN26_202",1746,"Mn",0.036707246908918
"EN26_202",1746,"Se",0.0899716983549297
"EN26_202",1746,"C",0.754457667004317
"EN26_202",1755,"Fe",0.787196590565145
"EN26_202",1755,"Mn",0.00710966112092137
"EN26_202",1755,"Se",0.456789507996291
"EN26_202",1755,"C",0.972039974760264
"EN26_202",1759,"Fe",0.613704015268013
"EN26_202",1759,"Mn",0.439919071737677
"EN26_202",1759,"Se",0.0796062506269664
"EN26_202",1759,"C",0.222970209084451
"EN26_202",1760,"Fe",0.499704557238147
"EN26_202",1760,"Mn",0.595610813004896
"EN26_202",1760,"Se",0.591986788902432
"EN26_202",1760,"C",0.215336758177727
"EN26_202",1801,"Fe",0.362379154888913
"EN26_202",1801,"Mn",0.412271257024258
"EN26_202",1801,"Se",0.718475642614067
"EN26_202",1801,"C",0.670430628350005
"EN26_202",1810,"Fe",0.944654401158914
"EN26_202",1810,"Mn",0.31491726404056
"EN26_202",1810,"Se",0.802204749546945
"EN26_202",1810,"C",0.450628613354638
"EN26_202",1824,"Fe",0.564504253678024
"EN26_202",1824,"Mn",0.586176730925217
"EN26_202",1824,"Se",0.898289697011933
"EN26_202",1824,"C",0.904065889772028
"EN26_202",1844,"Fe",0.0570512395352125
"EN26_202",1844,"Mn",0.114851036807522
"EN26_202",1844,"Se",0.922341932775453
"EN26_202",1844,"C",0.966901475330815
"EN26_202",1848,"Fe",0.173880652524531
"EN26_202",1848,"Mn",0.439802576322109
"EN26_202",1848,"Se",0.395009855506942
"EN26_202",1848,"C",0.95968272886239
"EN26_202",1861,"Fe",0.296526319114491
"EN26_202",1861,"Mn",0.558942768955603
"EN26_202",1861,"Se",0.226104174507782
"EN26_202",1861,"C",0.563911510631442
"EN26_202",1862,"Fe",0.200489593669772
"EN26_202",1862,"Mn",0.202539277030155
"EN26_202",1862,"Se",0.847861399874091
"EN26_202",1862,"C",0.737732524052262
"EN26_202",1864,"Fe",0.494639901444316
"EN26_202",1864,"Mn",0.794759725686163
"EN26_202",1864,"Se",0.727805772097781
"EN26_202",1864,"C",0.484843497164547
"EN26_202",1872,"Fe",0.51947253709659
"EN26_202",1872,"Mn",0.427453588927165
"EN26_202",1872,"Se",0.773313240148127
"EN26_202",1872,"C",0.966755576198921
"EN26_202",1873,"Fe",0.537134100450203
"EN26_202",1873,"Mn",0.54961514333263
"EN26_202",1873,"Se",0.372859800932929
"EN26_202",1873,"C",0.548510563327
"EN26_202",1878,"Fe",0.824754658853635
"EN26_202",1878,"Mn",0.653578169643879
"EN26_202",1878,"Se",0.06845423579216
"EN26_202",1878,"C",0.458262871252373
"EN26_202",1880,"Fe",0.197050424292684
"EN26_202",1880,"Mn",0.702466452494264
"EN26_202",1880,"Se",0.876708212308586
"EN26_202",1880,"C",0.31816644128412
"EN26_202",1881,"Fe",0.325092975283042
"EN26_202",1881,"Mn",0.897136852843687
"EN26_202",1881,"Se",0.696976828156039
"EN26_202",1881,"C",0.852501942077652
"EN26_202",1890,"Fe",0.630556932883337
"EN26_202",1890,"Mn",0.236600307514891
"EN26_202",1890,"Se",0.336815693881363
"EN26_202",1890,"C",0.946835946990177
"EN26_202",1902,"Fe",0.593072796007618
"EN26_202",1902,"Mn",0.178029037080705
"EN26_202",1902,"Se",0.891523072961718
"EN26_202",1902,"C",0.856157389469445
"EN26_202",1905,"Fe",0.0272714542225003
"EN26_202",1905,"Mn",0.542401675833389
"EN26_202",1905,"Se",0.610125335399061
"EN26_202",1905,"C",0.0359500502236187
"EN26_202",1941,"Fe",0.140169977908954
"EN26_202",1941,"Mn",0.44849985348992
"EN26_202",1941,"Se",0.63574326201342
"EN26_202",1941,"C",0.992175702936947
"EN26_202",1956,"Fe",0.0306981238536537
"EN26_202",1956,"Mn",0.14580618031323
"EN26_202",1956,"Se",0.755319483345374
"EN26_202",1956,"C",0.769482439616695
"EN26_202",1964,"Fe",0.857839000644162
"EN26_202",1964,"Mn",0.709174362476915
"EN26_202",1964,"Se",0.45409769541584
"EN26_202",1964,"C",0.909846907947212
"EN26_202",1975,"Fe",0.781536222668365
"EN26_202",1975,"Mn",0.873271049931645
"EN26_202",1975,"Se",0.662577374139801
"EN26_202",1975,"C",0.170785850845277
"EN26_202",1996,"Fe",0.00952922692522407
"EN26_202",1996,"Mn",0.810534588992596
"EN26_202",1996,"Se",0.0336887603625655
"EN26_202",1996,"C",0.0825337010901421
"EN26_202",1998,"Fe",0.368285869248211
"EN26_202",1998,"Mn",0.894165043486282
"EN26_202",1998,"Se",0.121235358528793
"EN26_202",1998,"C",0.00435197446495295
"EN26_202",2008,"Fe",0.395782428793609
"EN26_202",2008,"Mn",0.45122376899235
"EN26_202",2008,"Se",0.669291361467913
"EN26_202",2008,"C",0.148950450588018
"EN26_202",2010,"Fe",0.00994425360113382
"EN26_202",2010,"Mn",0.810825283173472
"EN26_202",2010,"Se",0.942972399527207
"EN26_202",2010,"C",0.505195891950279
"EN26_202",2012,"Fe",0.733092758338898
"EN26_202",2012,"Mn",0.138566283043474
"EN26_202",2012,"Se",0.0827232236042619
"EN26_202",2012,"C",0.378001624252647
"EN26_202",2015,"Fe",0.655767731601372
"EN26_202",2015,"Mn",0.133049919269979
"EN26_202",2015,"Se",0.465159723069519
"EN26_202",2015,"C",0.770841066259891
"EN26_202",2018,"Fe",0.23012998746708
"EN26_202",2018,"Mn",0.270024856319651
"EN26_202",2018,"Se",0.430115770781413
"EN26_202",2018,"C",0.506458898307756
"EN26_202",2023,"Fe",0.0975298152770847
"EN26_202",2023,"Mn",0.263110472355038
"EN26_202",2023,"Se",0.13595437980257
"EN26_202",2023,"C",0.876544491387904
"EN26_203",1027,"Fe",0.992936356691644
"EN26_203",1027,"Mn",0.711806046310812
"EN26_203",1027,"Se",0.616907891817391
"EN26_203",1027,"C",0.177370790857822
"EN26_203",1038,"Fe",0.109394994564354
"EN26_203",1038,"Mn",0.503828338580206
"EN26_203",1038,"Se",0.975281855789945
"EN26_203",1038,"C",0.0641892338171601
"EN26_203",1047,"Fe",0.670633991248906
"EN26_203",1047,"Mn",0.919023090507835
"EN26_203",1047,"Se",0.802790097193792
"EN26_203",1047,"C",0.4270050060004
"EN26_203",1057,"Fe",0.854508130578324
"EN26_203",1057,"Mn",0.355996736790985
"EN26_203",1057,"Se",0.48622792144306
"EN26_203",1057,"C",0.897729376796633
"EN26_203",1075,"Fe",0.764436184428632
"EN26_203",1075,"Mn",0.769991069100797
"EN26_203",1075,"Se",0.337302296655253
"EN26_203",1075,"C",0.294236856279895
"EN26_203",1078,"Fe",0.773819801164791
"EN26_203",1078,"Mn",0.783630387624726
"EN26_203",1078,"Se",0.0364735745824873
"EN26_203",1078,"C",0.74559191823937
"EN26_203",1083,"Fe",0.252509359270334
"EN26_203",1083,"Mn",0.359527628868818
"EN26_203",1083,"Se",0.772439534775913
"EN26_203",1083,"C",0.773532187333331
"EN26_203",1111,"Fe",0.16843155794777
"EN26_203",1111,"Mn",0.995482878759503
"EN26_203",1111,"Se",0.626911401515827
"EN26_203",1111,"C",0.330642553279176
"EN26_203",1112,"Fe",0.39994013751857
"EN26_203",1112,"Mn",0.396845859009773
"EN26_203",1112,"Se",0.270339510869235
"EN26_203",1112,"C",0.672872042050585
"EN26_203",1114,"Fe",0.311844161944464
"EN26_203",1114,"Mn",0.603403633926064
"EN26_203",1114,"Se",0.789187684422359
"EN26_203",1114,"C",0.0767744870390743
"EN26_203",1120,"Fe",0.912586553487927
"EN26_203",1120,"Mn",0.451411920133978
"EN26_203",1120,"Se",0.72014619782567
"EN26_203",1120,"C",0.169099959777668
"EN26_203",1132,"Fe",0.33770741452463
"EN26_203",1132,"Mn",0.919483616948128
"EN26_203",1132,"Se",0.893176684854552
"EN26_203",1132,"C",0.300575947854668
"EN26_203",1152,"Fe",0.386014309478924
"EN26_203",1152,"Mn",0.576753728790209
"EN26_203",1152,"Se",0.818475429434329
"EN26_203",1152,"C",0.802399219712242
"EN26_203",1156,"Fe",0.814442511415109
"EN26_203",1156,"Mn",0.288228817516938
"EN26_203",1156,"Se",0.533316117478535
"EN26_203",1156,"C",0.954162393696606
"EN26_203",1169,"Fe",0.372402309672907
"EN26_203",1169,"Mn",0.787174091441557
"EN26_203",1169,"Se",0.56531035923399
"EN26_203",1169,"C",0.339534958591685
"EN26_203",1171,"Fe",0.165255640167743
"EN26_203",1171,"Mn",0.563914492493495
"EN26_203",1171,"Se",0.0740786751266569
"EN26_203",1171,"C",0.326663514133543
"EN26_203",1173,"Fe",0.241555387154222
"EN26_203",1173,"Mn",0.639822311000898
"EN26_203",1173,"Se",0.125493292696774
"EN26_203",1173,"C",0.178590161958709
"EN26_203",1192,"Fe",0.386537814745679
"EN26_203",1192,"Mn",0.645606761798263
"EN26_203",1192,"Se",0.0199996409937739
"EN26_203",1192,"C",0.421933105681092
"EN26_203",1200,"Fe",0.404561745701358
"EN26_203",1200,"Mn",0.866269444348291
"EN26_203",1200,"Se",0.826108414679766
"EN26_203",1200,"C",0.88531766529195
"EN26_203",1214,"Fe",0.460031066089869
"EN26_203",1214,"Mn",0.952045921934769
"EN26_203",1214,"Se",0.977890044217929
"EN26_203",1214,"C",0.724867488024756
"EN26_203",1219,"Fe",0.00678630010224879
"EN26_203",1219,"Mn",0.976875373860821
"EN26_203",1219,"Se",0.493669847026467
"EN26_203",1219,"C",0.637573352549225
"EN26_203",1225,"Fe",0.950307485414669
"EN26_203",1225,"Mn",0.352701773867011
"EN26_203",1225,"Se",0.82131515070796
"EN26_203",1225,"C",0.299647403415293
"EN26_203",1227,"Fe",0.135694279335439
"EN26_203",1227,"Mn",0.248462380375713
"EN26_203",1227,"Se",0.315468289423734
"EN26_203",1227,"C",0.315957009559497
"EN26_203",1250,"Fe",0.782955175731331
"EN26_203",1250,"Mn",0.871116064488888
"EN26_203",1250,"Se",0.45198832754977
"EN26_203",1250,"C",0.446563396370038
"EN26_203",1255,"Fe",0.909461638424546
"EN26_203",1255,"Mn",0.0479656744282693
"EN26_203",1255,"Se",0.141403052257374
"EN26_203",1255,"C",0.728378703352064
"EN26_203",1264,"Fe",0.122199924429879
"EN26_203",1264,"Mn",0.255016195587814
"EN26_203",1264,"Se",0.186278946464881
"EN26_203",1264,"C",0.180087694199756
"EN26_203",1277,"Fe",0.197668812936172
"EN26_203",1277,"Mn",0.974798459559679
"EN26_203",1277,"Se",0.158530560787767
"EN26_203",1277,"C",0.465087034041062
"EN26_203",1308,"Fe",0.20772717311047
"EN26_203",1308,"Mn",0.0471211513504386
"EN26_203",1308,"Se",0.042387822875753
"EN26_203",1308,"C",0.407855672761798
"EN26_203",1320,"Fe",0.908138317987323
"EN26_203",1320,"Mn",0.729127589147538
"EN26_203",1320,"Se",0.304995400132611
"EN26_203",1320,"C",0.394512776518241
"EN26_203",1347,"Fe",0.229404961923137
"EN26_203",1347,"Mn",0.722637498984113
"EN26_203",1347,"Se",0.185263883555308
"EN26_203",1347,"C",0.333054117625579
"EN26_203",1349,"Fe",0.751022906275466
"EN26_203",1349,"Mn",0.749176487792283
"EN26_203",1349,"Se",0.95464642252773
"EN26_203",1349,"C",0.946497319731861
"EN26_203",1367,"Fe",0.684099021134898
"EN26_203",1367,"Mn",0.40654330723919
"EN26_203",1367,"Se",0.725634194212034
"EN26_203",1367,"C",0.105407648952678
"EN26_203",1373,"Fe",0.599198839161545
"EN26_203",1373,"Mn",0.325802937848493
"EN26_203",1373,"Se",0.859935381216928
"EN26_203",1373,"C",0.362780214753002
"EN26_203",1379,"Fe",0.938623059075326
"EN26_203",1379,"Mn",0.719620637362823
"EN26_203",1379,"Se",0.877572929952294
"EN26_203",1379,"C",0.157104270067066
"EN26_203",1403,"Fe",0.766582834767178
"EN26_203",1403,"Mn",0.799223600886762
"EN26_203",1403,"Se",0.230932919541374
"EN26_203",1403,"C",0.47492692549713
"EN26_203",1422,"Fe",0.735365205677226
"EN26_203",1422,"Mn",0.878720842534676
"EN26_203",1422,"Se",0.540937918936834
"EN26_203",1422,"C",0.0821052568498999
"EN26_203",1430,"Fe",0.615411575185135
"EN26_203",1430,"Mn",0.364553937222809
"EN26_203",1430,"Se",0.943768383003771
"EN26_203",1430,"C",0.213289526989684
"EN26_203",1432,"Fe",0.225890192901716
"EN26_203",1432,"Mn",0.352630685549229
"EN26_203",1432,"Se",0.728470634436235
"EN26_203",1432,"C",0.088641504291445
"EN26_203",1434,"Fe",0.880416172090918
"EN26_203",1434,"Mn",0.913168270839378
"EN26_203",1434,"Se",0.782593692420051
"EN26_203",1434,"C",0.711560687981546
"EN26_203",1438,"Fe",0.0566374408081174
"EN26_203",1438,"Mn",0.797892012633383
"EN26_203",1438,"Se",0.78894215868786
"EN26_203",1438,"C",0.631252669263631
"EN26_203",1452,"Fe",0.612363538937643
"EN26_203",1452,"Mn",0.69544445280917
"EN26_203",1452,"Se",0.581516273552552
"EN26_203",1452,"C",0.582000909605995
"EN26_203",1462,"Fe",0.940188676118851
"EN26_203",1462,"Mn",0.0598645035643131
"EN26_203",1462,"Se",0.796308504184708
"EN26_203",1462,"C",0.681900223251432
"EN26_203",1467,"Fe",0.594784967601299
"EN26_203",1467,"Mn",0.341489593265578
"EN26_203",1467,"Se",0.297035119030625
"EN26_203",1467,"C",0.781096434453502
"EN26_203",1501,"Fe",0.96771376603283
"EN26_203",1501,"Mn",0.162577179027721
"EN26_203",1501,"Se",0.945896068355069
"EN26_203",1501,"C",0.682925104862079
"EN26_203",1507,"Fe",0.0562970764003694
"EN26_203",1507,"Mn",0.173850053921342
"EN26_203",1507,"Se",0.435703450581059
"EN26_203",1507,"C",0.407763541908935
"EN26_203",1525,"Fe",0.935556216165423
"EN26_203",1525,"Mn",0.989928152645007
"EN26_203",1525,"Se",0.591662313090637
"EN26_203",1525,"C",0.479273740435019
"EN26_203",1544,"Fe",0.459264189470559
"EN26_203",1544,"Mn",0.881421031430364
"EN26_203",1544,"Se",0.532518714433536
"EN26_203",1544,"C",0.93827634723857
"EN26_203",1556,"Fe",0.224365451838821
"EN26_203",1556,"Mn",0.643401794601232
"EN26_203",1556,"Se",0.621826331363991
"EN26_203",1556,"C",0.0489058182574809
"EN26_203",1558,"Fe",0.832484355429187
"EN26_203",1558,"Mn",0.316181737463921
"EN26_203",1558,"Se",0.360095571028069
"EN26_203",1558,"C",0.945439206901938
"EN26_203",1604,"Fe",0.578789661172777
"EN26_203",1604,"Mn",0.715164622059092
"EN26_203",1604,"Se",0.20160941244103
"EN26_203",1604,"C",0.837524248752743
"EN26_203",1614,"Fe",0.805888026254252
"EN26_203",1614,"Mn",0.961026993114501
"EN26_203",1614,"Se",0.918663393706083
"EN26_203",1614,"C",0.274858940159902
"EN26_203",1622,"Fe",0.857658522436395
"EN26_203",1622,"Mn",0.57680440787226
"EN26_203",1622,"Se",0.145718723535538
"EN26_203",1622,"C",0.448758889455348
"EN26_203",1623,"Fe",0.702588941669092
"EN26_203",1623,"Mn",0.828505490208045
"EN26_203",1623,"Se",0.611454188590869
"EN26_203",1623,"C",0.0680232516024262
"EN26_203",1626,"Fe",0.439792290562764
"EN26_203",1626,"Mn",0.354389287298545
"EN26_203",1626,"Se",0.513352000154555
"EN26_203",1626,"C",0.759577066404745
"EN26_203",1638,"Fe",0.396017961902544
"EN26_203",1638,"Mn",0.266931714257225
"EN26_203",1638,"Se",0.994157311273739
"EN26_203",1638,"C",0.422869888832793
"EN26_203",1656,"Fe",0.601539125898853
"EN26_203",1656,"Mn",0.635825863806531
"EN26_203",1656,"Se",0.569397679995745
"EN26_203",1656,"C",0.742983605479822
"EN26_203",1665,"Fe",0.138746162643656
"EN26_203",1665,"Mn",0.498272430850193
"EN26_203",1665,"Se",0.134588421322405
"EN26_203",1665,"C",0.708135467255488
"EN26_203",1668,"Fe",0.249937765300274
"EN26_203",1668,"Mn",0.909423880511895
"EN26_203",1668,"Se",0.0022072505671531
"EN26_203",1668,"C",0.151059366064146
"EN26_203",1671,"Fe",0.111720325890929
"EN26_203",1671,"Mn",0.359229299239814
"EN26_203",1671,"Se",0.0765353799797595
"EN26_203",1671,"C",0.333770613884553
"EN26_203",1673,"Fe",0.0231882818043232
"EN26_203",1673,"Mn",0.0241061153355986
"EN26_203",1673,"Se",0.385441380087286
"EN26_203",1673,"C",0.805778076639399
"EN26_203",1686,"Fe",0.860952411545441
"EN26_203",1686,"Mn",0.456539599923417
"EN26_203",1686,"Se",0.916362587129697
"EN26_203",1686,"C",0.452379256486893
"EN26_203",1690,"Fe",0.825616878923029
"EN26_203",1690,"Mn",0.242167978314683
"EN26_203",1690,"Se",0.111728661227971
"EN26_203",1690,"C",0.0909900653641671
"EN26_203",1695,"Fe",0.620575492270291
"EN26_203",1695,"Mn",0.511507559102029
"EN26_203",1695,"Se",0.429428091738373
"EN26_203",1695,"C",0.243311138357967
"EN26_203",1701,"Fe",0.705881425645202
"EN26_203",1701,"Mn",0.476565307471901
"EN26_203",1701,"Se",0.468620102852583
"EN26_203",1701,"C",0.748309683054686
"EN26_203",1721,"Fe",0.364309778204188
"EN26_203",1721,"Mn",0.910620847716928
"EN26_203",1721,"Se",0.555533430771902
"EN26_203",1721,"C",0.419456039788201
"EN26_203",1729,"Fe",0.193003470310941
"EN26_203",1729,"Mn",0.088453657226637
"EN26_203",1729,"Se",0.903530107112601
"EN26_203",1729,"C",0.471575300442055
"EN26_203",1730,"Fe",0.692930307239294
"EN26_203",1730,"Mn",0.911004175199196
"EN26_203",1730,"Se",0.6574371450115
"EN26_203",1730,"C",0.721645333105698
"EN26_203",1738,"Fe",0.731821249704808
"EN26_203",1738,"Mn",0.554770243819803
"EN26_203",1738,"Se",0.788043583044782
"EN26_203",1738,"C",0.302663962589577
"EN26_203",1741,"Fe",0.256510138744488
"EN26_203",1741,"Mn",0.493562421761453
"EN26_203",1741,"Se",0.660942935850471
"EN26_203",1741,"C",0.00333920423872769
"EN26_203",1742,"Fe",0.450964608462527
"EN26_203",1742,"Mn",0.181461013155058
"EN26_203",1742,"Se",0.387252189684659
"EN26_203",1742,"C",0.92507192841731
"EN26_203",1758,"Fe",0.226698169484735
"EN26_203",1758,"Mn",0.704780010040849
"EN26_203",1758,"Se",0.937256706412882
"EN26_203",1758,"C",0.116539204027504
"EN26_203",1761,"Fe",0.663980047916993
"EN26_203",1761,"Mn",0.717915303539485
"EN26_203",1761,"Se",0.0511541976593435
"EN26_203",1761,"C",0.234124774811789
"EN26_203",1762,"Fe",0.413433461915702
"EN26_203",1762,"Mn",0.425955839455128
"EN26_203",1762,"Se",0.618520325049758
"EN26_203",1762,"C",0.650514001492411
"EN26_203",1766,"Fe",0.531427566194907
"EN26_203",1766,"Mn",0.293667216319591
"EN26_203",1766,"Se",0.927027747500688
"EN26_203",1766,"C",0.384017947129905
"EN26_203",1778,"Fe",0.0779750281944871
"EN26_203",1778,"Mn",0.133658561622724
"EN26_203",1778,"Se",0.987228297628462
"EN26_203",1778,"C",0.807699624914676
"EN26_203",1779,"Fe",0.736036313930526
"EN26_203",1779,"Mn",0.038639199687168
"EN26_203",1779,"Se",0.0789429068099707
"EN26_203",1779,"C",0.569567998172715
"EN26_203",1800,"Fe",0.926034916192293
"EN26_203",1800,"Mn",0.63891626521945
"EN26_203",1800,"Se",0.689076829468831
"EN26_203",1800,"C",0.181421094108373
"EN26_203",1805,"Fe",0.970038190251216
"EN26_203",1805,"Mn",0.379846855299547
"EN26_203",1805,"Se",0.655363197205588
"EN26_203",1805,"C",0.402111436938867
"EN26_203",1815,"Fe",0.311363945715129
"EN26_203",1815,"Mn",0.734459939412773
"EN26_203",1815,"Se",0.865265853935853
"EN26_203",1815,"C",0.834993951953948
"EN26_203",1818,"Fe",0.191278976853937
"EN26_203",1818,"Mn",0.295193537836894
"EN26_203",1818,"Se",0.422712080646306
"EN26_203",1818,"C",0.926054761745036
"EN26_203",1819,"Fe",0.479118103161454
"EN26_203",1819,"Mn",0.754275275859982
"EN26_203",1819,"Se",0.507786342641339
"EN26_203",1819,"C",0.757362069096416
"EN26_203",1820,"Fe",0.335403188597411
"EN26_203",1820,"Mn",0.235218571033329
"EN26_203",1820,"Se",0.399904545862228
"EN26_203",1820,"C",0.979567173169926
"EN26_203",1838,"Fe",0.729464023374021
"EN26_203",1838,"Mn",0.153100792318583
"EN26_203",1838,"Se",0.921757668722421
"EN26_203",1838,"C",0.595382345840335
"EN26_203",1857,"Fe",0.298961006570607
"EN26_203",1857,"Mn",0.23279855796136
"EN26_203",1857,"Se",0.0620911084115505
"EN26_203",1857,"C",0.675449551781639
"EN26_203",1871,"Fe",0.984949491918087
"EN26_203",1871,"Mn",0.308976366883144
"EN26_203",1871,"Se",0.362952040974051
"EN26_203",1871,"C",0.801429164363071
"EN26_203",1880,"Fe",0.537093398161232
"EN26_203",1880,"Mn",0.24397142091766
"EN26_203",1880,"Se",0.645911154570058
"EN26_203",1880,"C",0.511326578212902
"EN26_203",1894,"Fe",0.351836815010756
"EN26_203",1894,"Mn",0.374477431178093
"EN26_203",1894,"Se",0.584006349090487
"EN26_203",1894,"C",0.700454105390236
"EN26_203",1904,"Fe",0.719003091333434
"EN26_203",1904,"Mn",0.848404983989894
"EN26_203",1904,"Se",0.410603766562417
"EN26_203",1904,"C",0.671791594242677
"EN26_203",1912,"Fe",0.875911174574867
"EN26_203",1912,"Mn",0.0839883130975068
"EN26_203",1912,"Se",0.176476557739079
"EN26_203",1912,"C",0.143464001361281
"EN26_203",1913,"Fe",0.358687849715352
"EN26_203",1913,"Mn",0.0376601747702807
"EN26_203",1913,"Se",0.354821079410613
"EN26_203",1913,"C",0.774466983275488
"EN26_203",1925,"Fe",0.587411884451285
"EN26_203",1925,"Mn",0.593700104393065
"EN26_203",1925,"Se",0.098132144426927
"EN26_203",1925,"C",0.197919459315017
"EN26_203",1935,"Fe",0.749851388158277
"EN26_203",1935,"Mn",0.726317524909973
"EN26_203",1935,"Se",0.83668576925993
"EN26_203",1935,"C",0.148142254212871
"EN26_203",1937,"Fe",0.501668640645221
"EN26_203",1937,"Mn",0.518928712932393
"EN26_203",1937,"Se",0.793205342255533
"EN26_203",1937,"C",0.302863511722535
"EN26_203",1941,"Fe",0.78916262020357
"EN26_203",1941,"Mn",0.095456575974822
"EN26_203",1941,"Se",0.395062959752977
"EN26_203",1941,"C",0.988244575448334
"EN26_203",1945,"Fe",0.771506734658033
"EN26_203",1945,"Mn",0.0205464262980968
"EN26_203",1945,"Se",0.34087565774098
"EN26_203",1945,"C",0.173639070242643
"EN26_203",1964,"Fe",0.0261893563438207
"EN26_203",1964,"Mn",0.460689207538962
"EN26_203",1964,"Se",0.0686415275558829
"EN26_203",1964,"C",0.512472493108362
"EN26_203",1975,"Fe",0.733237723819911
"EN26_203",1975,"Mn",0.456524569774047
"EN26_203",1975,"Se",0.326284056063741
"EN26_203",1975,"C",0.750783208291978
"EN26_203",1977,"Fe",0.783626249525696
"EN26_203",1977,"Mn",0.943844984984025
"EN26_203",1977,"Se",0.346925512654707
"EN26_203",1977,"C",0.74739072099328
"EN26_203",2006,"Fe",0.848519067745656
"EN26_203",2006,"Mn",0.889958859654143
"EN26_203",2006,"Se",0.792420867597684
"EN26_203",2006,"C",0.892094234237447
"EN26_203",2012,"Fe",0.874409404117614
"EN26_203",2012,"Mn",0.154238787712529
"EN26_203",2012,"Se",0.547557127894834
"EN26_203",2012,"C",0.0298931358847767
"EN26_204",1009,"Fe",0.0760456682182848
"EN26_204",1009,"Mn",0.226398502709344
"EN26_204",1009,"Se",0.301494858693331
"EN26_204",1009,"C",0.973505264846608
"EN26_204",1016,"Fe",0.623269799631089
"EN26_204",1016,"Mn",0.664472392294556
"EN26_204",1016,"Se",0.681506071705371
"EN26_204",1016,"C",0.599548669531941
"EN26_204",1024,"Fe",0.844064563745633
"EN26_204",1024,"Mn",0.590693784411997
"EN26_204",1024,"Se",0.777851936640218
"EN26_204",1024,"C",0.549029853893444
"EN26_204",1033,"Fe",0.616654433310032
"EN26_204",1033,"Mn",0.836349107790738
"EN26_204",1033,"Se",0.737164885504171
"EN26_204",1033,"C",0.882297527743503
"EN26_204",1035,"Fe",0.406965784961358
"EN26_204",1035,"Mn",0.411085030529648
"EN26_204",1035,"Se",0.311449493281543
"EN26_204",1035,"C",0.11713277711533
"EN26_204",1048,"Fe",0.731341863283888
"EN26_204",1048,"Mn",0.205692832125351
"EN26_204",1048,"Se",0.690236208261922
"EN26_204",1048,"C",0.450384488096461
"EN26_204",1072,"Fe",0.294767383486032
"EN26_204",1072,"Mn",0.441357932286337
"EN26_204",1072,"Se",0.384339829673991
"EN26_204",1072,"C",0.311023677000776
"EN26_204",1085,"Fe",0.930213127285242
"EN26_204",1085,"Mn",0.232966390671209
"EN26_204",1085,"Se",0.421752031892538
"EN26_204",1085,"C",0.927347653312609
"EN26_204",1106,"Fe",0.504217447014526
"EN26_204",1106,"Mn",0.925949225900695
"EN26_204",1106,"Se",0.729128887876868
"EN26_204",1106,"C",0.162172699579969
"EN26_204",1108,"Fe",0.617954425746575
"EN26_204",1108,"Mn",0.080305190756917
"EN26_204",1108,"Se",0.702298531774431
"EN26_204",1108,"C",0.541581919649616
"EN26_204",1118,"Fe",0.209559640148655
"EN26_204",1118,"Mn",0.714163220254704
"EN26_204",1118,"Se",0.897208442445844
"EN26_204",1118,"C",0.276362583972514
"EN26_204",1140,"Fe",0.419871564023197
"EN26_204",1140,"Mn",0.0478053616825491
"EN26_204",1140,"Se",0.98914855462499
"EN26_204",1140,"C",0.920807755319402
"EN26_204",1158,"Fe",0.412636421155185
"EN26_204",1158,"Mn",0.376816814998165
"EN26_204",1158,"Se",0.757200757740065
"EN26_204",1158,"C",0.0967465043067932
"EN26_204",1167,"Fe",0.755660963477567
"EN26_204",1167,"Mn",0.371641286415979
"EN26_204",1167,"Se",0.837468990590423
"EN26_204",1167,"C",0.507774110883474
"EN26_204",1170,"Fe",0.749989333329722
"EN26_204",1170,"Mn",0.144561276072636
"EN26_204",1170,"Se",0.984522577840835
"EN26_204",1170,"C",0.586928974138573
"EN26_204",1178,"Fe",0.195216407300904
"EN26_204",1178,"Mn",0.451869438635185
"EN26_204",1178,"Se",0.639143274398521
"EN26_204",1178,"C",0.442820356460288
"EN26_204",1182,"Fe",0.0505080122966319
"EN26_204",1182,"Mn",0.671370519557968
"EN26_204",1182,"Se",0.442906278185546
"EN26_204",1182,"C",0.447195463115349
"EN26_204",1194,"Fe",0.989016479346901
"EN26_204",1194,"Mn",0.447094158269465
"EN26_204",1194,"Se",0.653019019169733
"EN26_204",1194,"C",0.379148727981374
"EN26_204",1201,"Fe",0.948785982793197
"EN26_204",1201,"Mn",0.839302629465237
"EN26_204",1201,"Se",0.394880795152858
"EN26_204",1201,"C",0.904756656847894
"EN26_204",1204,"Fe",0.676182651193812
"EN26_204",1204,"Mn",0.279089715797454
"EN26_204",1204,"Se",0.148505810415372
"EN26_204",1204,"C",0.0292008949909359
"EN26_204",1207,"Fe",0.983969248598441
"EN26_204",1207,"Mn",0.283902078401297
"EN26_204",1207,"Se",0.191143713425845
"EN26_204",1207,"C",0.434036112157628
"EN26_204",1209,"Fe",0.473278820049018
"EN26_204",1209,"Mn",0.121385579463094
"EN26_204",1209,"Se",0.64621453685686
"EN26_204",1209,"C",0.405977703630924
"EN26_204",1218,"Fe",0.884229496819898
"EN26_204",1218,"Mn",0.852233851561323
"EN26_204",1218,"Se",0.850998668232933
"EN26_204",1218,"C",0.250366038642824
"EN26_204",1219,"Fe",0.65660157520324
"EN26_204",1219,"Mn",0.986846168292686
"EN26_204",1219,"Se",0.860693791881204
"EN26_204",1219,"C",0.878957624081522
"EN26_204",1223,"Fe",0.685879759024829
"EN26_204",1223,"Mn",0.898073396645486
"EN26_204",1223,"Se",0.284447462530807
"EN26_204",1223,"C",0.453109661582857
"EN26_204",1243,"Fe",0.86275476613082
"EN26_204",1243,"Mn",0.0152430760208517
"EN26_204",1243,"Se",0.555806925985962
"EN26_204",1243,"C",0.972337346756831
"EN26_204",1260,"Fe",0.399481243221089
"EN26_204",1260,"Mn",0.960620028665289
"EN26_204",1260,"Se",0.22038883715868
"EN26_204",1260,"C",0.329489735420793
"EN26_204",1262,"Fe",0.458885884610936
"EN26_204",1262,"Mn",0.494680319679901
"EN26_204",1262,"Se",0.571045003598556
"EN26_204",1262,"C",0.711725579341874
"EN26_204",1306,"Fe",0.344488460570574
"EN26_204",1306,"Mn",0.500599628314376
"EN26_204",1306,"Se",0.671976054320112
"EN26_204",1306,"C",0.240252985851839
"EN26_204",1330,"Fe",0.255377327091992
"EN26_204",1330,"Mn",0.350433360785246
"EN26_204",1330,"Se",0.457274720538408
"EN26_204",1330,"C",0.871124998200685
"EN26_204",1339,"Fe",0.509568636538461
"EN26_204",1339,"Mn",0.347199470270425
"EN26_204",1339,"Se",0.933228153036907
"EN26_204",1339,"C",0.0592477875761688
"EN26_204",1351,"Fe",0.682639921549708
"EN26_204",1351,"Mn",0.991244405973703
"EN26_204",1351,"Se",0.728984064422548
"EN26_204",1351,"C",0.645320985000581
"EN26_204",1356,"Fe",0.0779117504134774
"EN26_204",1356,"Mn",0.739420889178291
"EN26_204",1356,"Se",0.748671505600214
"EN26_204",1356,"C",0.166757938684896
"EN26_204",1359,"Fe",0.247305683093145
"EN26_204",1359,"Mn",0.450276813935488
"EN26_204",1359,"Se",0.134445510804653
"EN26_204",1359,"C",0.806335731875151
"EN26_204",1367,"Fe",0.0317536711227149
"EN26_204",1367,"Mn",0.555121131241322
"EN26_204",1367,"Se",0.58595600631088
"EN26_204",1367,"C",0.184620276326314
"EN26_204",1375,"Fe",0.314032998168841
"EN26_204",1375,"Mn",0.100274498108774
"EN26_204",1375,"Se",0.265432880958542
"EN26_204",1375,"C",0.482295510126278
"EN26_204",1381,"Fe",0.0791672980412841
"EN26_204",1381,"Mn",0.173179940786213
"EN26_204",1381,"Se",0.386045152088627
"EN26_204",1381,"C",0.0733729985076934
"EN26_204",1389,"Fe",0.602344701765105
"EN26_204",1389,"Mn",0.67915220418945
"EN26_204",1389,"Se",0.206871292553842
"EN26_204",1389,"C",0.339566203765571
"EN26_204",1412,"Fe",0.761966167250648
"EN26_204",1412,"Mn",0.758049667812884
"EN26_204",1412,"Se",0.963678105268627
"EN26_204",1412,"C",0.178400836186484
"EN26_204",1419,"Fe",0.150179797550663
"EN26_204",1419,"Mn",0.729598226957023
"EN26_204",1419,"Se",0.352675534086302
"EN26_204",1419,"C",0.909212022321299
"EN26_204",1426,"Fe",0.525024686940014
"EN26_204",1426,"Mn",0.743337546242401
"EN26_204",1426,"Se",0.712005578214303
"EN26_204",1426,"C",0.985543795162812
"EN26_204",1436,"Fe",0.711001950781792
"EN26_204",1436,"Mn",0.395378188462928
"EN26_204",1436,"Se",0.0939712976105511
"EN26_204",1436,"C",0.224739723606035
"EN26_204",1462,"Fe",0.417656039120629
"EN26_204",1462,"Mn",0.738603517180309
"EN26_204",1462,"Se",0.779623525217175
"EN26_204",1462,"C",0.232070307945833
"EN26_204",1496,"Fe",0.471860920311883
"EN26_204",1496,"Mn",0.0417710449546576
"EN26_204",1496,"Se",0.126558135729283
"EN26_204",1496,"C",0.311920304084197
"EN26_204",1500,"Fe",0.0669626283925027
"EN26_204",1500,"Mn",0.646127561340109
"EN26_204",1500,"Se",0.3460072518792
"EN26_204",1500,"C",0.398079016478732
"EN26_204",1502,"Fe",0.736022718250751
"EN26_204",1502,"Mn",0.46530795074068
"EN26_204",1502,"Se",0.918228371068835
"EN26_204",1502,"C",0.255118024535477
"EN26_204",1506,"Fe",0.426659997785464
"EN26_204",1506,"Mn",0.945255869301036
"EN26_204",1506,"Se",0.568761910777539
"EN26_204",1506,"C",0.598530403338373
"EN26_204",1509,"Fe",0.604561390820891
"EN26_204",1509,"Mn",0.328523244941607
"EN26_204",1509,"Se",0.998145200079307
"EN26_204",1509,"C",0.379746022168547
"EN26_204",1514,"Fe",0.103129897965118
"EN26_204",1514,"Mn",0.358525376999751
"EN26_204",1514,"Se",0.373051488306373
"EN26_204",1514,"C",0.0733058815822005
"EN26_204",1518,"Fe",0.362505982397124
"EN26_204",1518,"Mn",0.159330160124227
"EN26_204",1518,"Se",0.0983145430218428
"EN26_204",1518,"C",0.388362820260227
"EN26_204",1521,"Fe",0.677357422653586
"EN26_204",1521,"Mn",0.872463972074911
"EN26_204",1521,"Se",0.891229469329119
"EN26_204",1521,"C",0.673802224220708
"EN26_204",1557,"Fe",0.545691169565544
"EN26_204",1557,"Mn",0.591791835613549
"EN26_204",1557,"Se",0.889150362694636
"EN26_204",1557,"C",0.172204685630277
"EN26_204",1560,"Fe",0.917996056843549
"EN26_204",1560,"Mn",0.961845019599423
"EN26_204",1560,"Se",0.558745267335325
"EN26_204",1560,"C",0.372278117341921
"EN26_204",1567,"Fe",0.32982092583552
"EN26_204",1567,"Mn",0.202661694493145
"EN26_204",1567,"Se",0.184380918508396
"EN26_204",1567,"C",0.124365480849519
"EN26_204",1592,"Fe",0.384042806224898
"EN26_204",1592,"Mn",0.1785968109034
"EN26_204",1592,"Se",0.516115463105962
"EN26_204",1592,"C",0.533838199684396
"EN26_204",1599,"Fe",0.632207916816697
"EN26_204",1599,"Mn",0.905842615989968
"EN26_204",1599,"Se",0.798960175132379
"EN26_204",1599,"C",0.166195870377123
"EN26_204",1608,"Fe",0.609967287862673
"EN26_204",1608,"Mn",0.230233198497444
"EN26_204",1608,"Se",0.772894762689248
"EN26_204",1608,"C",0.294026267249137
"EN26_204",1616,"Fe",0.329795601312071
"EN26_204",1616,"Mn",0.257977729430422
"EN26_204",1616,"Se",0.957218150841072
"EN26_204",1616,"C",0.00707462686114013
"EN26_204",1631,"Fe",0.867549056420103
"EN26_204",1631,"Mn",0.338786836713552
"EN26_204",1631,"Se",0.390149374026805
"EN26_204",1631,"C",0.78550643613562
"EN26_204",1669,"Fe",0.822430789237842
"EN26_204",1669,"Mn",0.682323700748384
"EN26_204",1669,"Se",0.911963780410588
"EN26_204",1669,"C",0.0831023526843637
"EN26_204",1680,"Fe",0.424029526300728
"EN26_204",1680,"Mn",0.638538425089791
"EN26_204",1680,"Se",0.399004849838093
"EN26_204",1680,"C",0.533681943779811
"EN26_204",1683,"Fe",0.9077008231543
"EN26_204",1683,"Mn",0.869098788592964
"EN26_204",1683,"Se",0.147802256746218
"EN26_204",1683,"C",0.0481266046408564
"EN26_204",1685,"Fe",0.614644302986562
"EN26_204",1685,"Mn",0.707408524351195
"EN26_204",1685,"Se",0.8016634255182
"EN26_204",1685,"C",0.782007104950026
"EN26_204",1686,"Fe",0.890432411106303
"EN26_204",1686,"Mn",0.23634967720136
"EN26_204",1686,"Se",0.418480380438268
"EN26_204",1686,"C",0.0767279749270529
"EN26_204",1704,"Fe",0.917296700412408
"EN26_204",1704,"Mn",0.0881172413937747
"EN26_204",1704,"Se",0.14918256085366
"EN26_204",1704,"C",0.479665832128376
"EN26_204",1731,"Fe",0.160495238844305
"EN26_204",1731,"Mn",0.277363065863028
"EN26_204",1731,"Se",0.000838520238175988
"EN26_204",1731,"C",0.868237006478012
"EN26_204",1747,"Fe",0.450948731973767
"EN26_204",1747,"Mn",0.739323848625645
"EN26_204",1747,"Se",0.638896841788664
"EN26_204",1747,"C",0.630397096741945
"EN26_204",1748,"Fe",0.80655648233369
"EN26_204",1748,"Mn",0.66828419896774
"EN26_204",1748,"Se",0.469586832914501
"EN26_204",1748,"C",0.140814778860658
"EN26_204",1755,"Fe",0.140274202683941
"EN26_204",1755,"Mn",0.37320168223232
"EN26_204",1755,"Se",0.0318352226167917
"EN26_204",1755,"C",0.303820747882128
"EN26_204",1756,"Fe",0.569548137718812
"EN26_204",1756,"Mn",0.473302035126835
"EN26_204",1756,"Se",0.223375835921615
"EN26_204",1756,"C",0.837469327496365
"EN26_204",1800,"Fe",0.35006357752718
"EN26_204",1800,"Mn",0.724934436613694
"EN26_204",1800,"Se",0.605663952650502
"EN26_204",1800,"C",0.122629686025903
"EN26_204",1801,"Fe",0.891439726343378
"EN26_204",1801,"Mn",0.612255582818761
"EN26_204",1801,"Se",0.581869113957509
"EN26_204",1801,"C",0.11520500597544
"EN26_204",1804,"Fe",0.117691047256812
"EN26_204",1804,"Mn",0.388185342308134
"EN26_204",1804,"Se",0.733502967050299
"EN26_204",1804,"C",0.31480765575543
"EN26_204",1808,"Fe",0.492575999815017
"EN26_204",1808,"Mn",0.612710299436003
"EN26_204",1808,"Se",0.280965262325481
"EN26_204",1808,"C",0.374757046345621
"EN26_204",1837,"Fe",0.382151104044169
"EN26_204",1837,"Mn",0.960153908701614
"EN26_204",1837,"Se",0.435603883350268
"EN26_204",1837,"C",0.665439453208819
"EN26_204",1844,"Fe",0.947166924364865
"EN26_204",1844,"Mn",0.182753196917474
"EN26_204",1844,"Se",0.836330738849938
"EN26_204",1844,"C",0.697042966494337
"EN26_204",1848,"Fe",0.169280337635428
"EN26_204",1848,"Mn",0.0288237540517002
"EN26_204",1848,"Se",0.940170749789104
"EN26_204",1848,"C",0.947869936004281
"EN26_204",1849,"Fe",0.22575940634124
"EN26_204",1849,"Mn",0.959778675343841
"EN26_204",1849,"Se",0.870051092235371
"EN26_204",1849,"C",0.649859241675586
"EN26_204",1854,"Fe",0.772830444155261
"EN26_204",1854,"Mn",0.0585314659401774
"EN26_204",1854,"Se",0.822077938355505
"EN26_204",1854,"C",0.79885202110745
"EN26_204",1865,"Fe",0.344712690450251
"EN26_204",1865,"Mn",0.70463997265324
"EN26_204",1865,"Se",0.967755657620728
"EN26_204",1865,"C",0.139707773923874
"EN26_204",1867,"Fe",0.185324274469167
"EN26_204",1867,"Mn",0.0283594252541661
"EN26_204",1867,"Se",0.181710441596806
"EN26_204",1867,"C",0.908498062752187
"EN26_204",1872,"Fe",0.757966711651534
"EN26_204",1872,"Mn",0.786146364873275
"EN26_204",1872,"Se",0.647391801932827
"EN26_204",1872,"C",0.74048864399083
"EN26_204",1880,"Fe",0.0701943840831518
"EN26_204",1880,"Mn",0.731223579961807
"EN26_204",1880,"Se",0.472909891512245
"EN26_204",1880,"C",0.998921926598996
"EN26_204",1890,"Fe",0.00695600034669042
"EN26_204",1890,"Mn",0.47425484796986
"EN26_204",1890,"Se",0.825720991706476
"EN26_204",1890,"C",0.244497057981789
"EN26_204",1903,"Fe",0.590050160186365
"EN26_204",1903,"Mn",0.929888228885829
"EN26_204",1903,"Se",0.287342317402363
"EN26_204",1903,"C",0.492321632103994
"EN26_204",1911,"Fe",0.374203417915851
"EN26_204",1911,"Mn",0.387146850582212
"EN26_204",1911,"Se",0.432658149162307
"EN26_204",1911,"C",0.288137837080285
"EN26_204",1928,"Fe",0.808545100037009
"EN26_204",1928,"Mn",0.989709184970707
"EN26_204",1928,"Se",0.766225493745878
"EN26_204",1928,"C",0.841066427296028
"EN26_204",1933,"Fe",0.389201505109668
"EN26_204",1933,"Mn",0.24575309548527
"EN26_204",1933,"Se",0.137323417002335
"EN26_204",1933,"C",0.718615431338549
"EN26_204",1935,"Fe",0.568643126171082
"EN26_204",1935,"Mn",0.804322951240465
"EN26_204",1935,"Se",0.760175198549405
"EN26_204",1935,"C",0.78481189138256
"EN26_204",1952,"Fe",0.0786227534990758
"EN26_204",1952,"Mn",0.00763861206360161
"EN26_204",1952,"Se",0.502215129788965
"EN26_204",1952,"C",0.896485551493242
"EN26_204",1957,"Fe",0.799717631423846
"EN26_204",1957,"Mn",0.596726613119245
"EN26_204",1957,"Se",0.517358245560899
"EN26_204",1957,"C",0.343399423640221
"EN26_204",1959,"Fe",0.93691901024431
"EN26_204",1959,"Mn",0.226582397473976
"EN26_204",1959,"Se",0.357630759011954
"EN26_204",1959,"C",0.840512853581458
"EN26_204",1970,"Fe",0.821121660061181
"EN26_204",1970,"Mn",0.754359909333289
"EN26_204",1970,"Se",0.606017957208678
"EN26_204",1970,"C",0.815967008238658
"EN26_204",1980,"Fe",0.624267386039719
"EN26_204",1980,"Mn",0.160139156971127
"EN26_204",1980,"Se",0.693457819288597
"EN26_204",1980,"C",0.293200721731409
"EN26_204",1991,"Fe",0.653036619536579
"EN26_204",1991,"Mn",0.0607002091128379
"EN26_204",1991,"Se",0.432414448121563
"EN26_204",1991,"C",0.232428130460903
"EN26_204",2001,"Fe",0.657983387354761
"EN26_204",2001,"Mn",0.819043353432789
"EN26_204",2001,"Se",0.464125249767676
"EN26_204",2001,"C",0.919139781035483
"EN26_204",2004,"Fe",0.513817071914673
"EN26_204",2004,"Mn",0.0487694053445011
"EN26_204",2004,"Se",0.782888719113544
"EN26_204",2004,"C",0.257326483493671
"EN26_204",2010,"Fe",0.662076038075611
"EN26_204",2010,"Mn",0.563636419828981
"EN26_204",2010,"Se",0.935690772486851
"EN26_204",2010,"C",0.113220473518595
"EN26_204",2016,"Fe",0.625474916072562
"EN26_204",2016,"Mn",0.525615273742005
"EN26_204",2016,"Se",0.589211183134466
"EN26_204",2016,"C",0.874246522784233
"EN26_204",2026,"Fe",0.650272540748119
"EN26_204",2026,"Mn",0.571455664932728
"EN26_204",2026,"Se",0.41496606124565
"EN26_204",2026,"C",0.0356248165480793
"EN26_205",1001,"Fe",0.0860337738413364
"EN26_205",1001,"Mn",0.209187531610951
"EN26_205",1001,"Se",0.269587473478168
"EN26_205",1001,"C",0.610516233136877
"EN26_205",1005,"Fe",0.987898240797222
"EN26_205",1005,"Mn",0.352275827201083
"EN26_205",1005,"Se",0.897501888452098
"EN26_205",1005,"C",0.552714934572577
"EN26_205",1026,"Fe",0.467482380801812
"EN26_205",1026,"Mn",0.606616859091446
"EN26_205",1026,"Se",0.350473515456542
"EN26_205",1026,"C",0.722548152552918
"EN26_205",1031,"Fe",0.312516359146684
"EN26_205",1031,"Mn",0.236939678899944
"EN26_205",1031,"Se",0.930373422801495
"EN26_205",1031,"C",0.695153212407604
"EN26_205",1040,"Fe",0.534404551843181
"EN26_205",1040,"Mn",0.35156658757478
"EN26_205",1040,"Se",0.545665392186493
"EN26_205",1040,"C",0.0754859626758844
"EN26_205",1055,"Fe",0.119851906551048
"EN26_205",1055,"Mn",0.266570536885411
"EN26_205",1055,"Se",0.683698067674413
"EN26_205",1055,"C",0.511163413058966
"EN26_205",1058,"Fe",0.715643828036264
"EN26_205",1058,"Mn",0.762484366772696
"EN26_205",1058,"Se",0.947262269677594
"EN26_205",1058,"C",0.464277235325426
"EN26_205",1085,"Fe",0.655357266776264
"EN26_205",1085,"Mn",0.720695780357346
"EN26_205",1085,"Se",0.166211442323402
"EN26_205",1085,"C",0.937323335325345
"EN26_205",1102,"Fe",0.598036786075681
"EN26_205",1102,"Mn",0.939101161668077
"EN26_205",1102,"Se",0.532820158172399
"EN26_205",1102,"C",0.128662287024781
"EN26_205",1105,"Fe",0.618310082005337
"EN26_205",1105,"Mn",0.621690559899434
"EN26_205",1105,"Se",0.911879951599985
"EN26_205",1105,"C",0.677503731567413
"EN26_205",1106,"Fe",0.377047554822639
"EN26_205",1106,"Mn",0.112049237824976
"EN26_205",1106,"Se",0.158275871537626
"EN26_205",1106,"C",0.788941021775827
"EN26_205",1108,"Fe",0.658167006215081
"EN26_205",1108,"Mn",0.641466565430164
"EN26_205",1108,"Se",0.431627856101841
"EN26_205",1108,"C",0.358794956235215
"EN26_205",1109,"Fe",0.651845270302147
"EN26_205",1109,"Mn",0.102170235943049
"EN26_205",1109,"Se",0.818768397206441
"EN26_205",1109,"C",0.494049239670858
"EN26_205",1111,"Fe",0.111101440154016
"EN26_205",1111,"Mn",0.0463809384964406
"EN26_205",1111,"Se",0.182706989347935
"EN26_205",1111,"C",0.885327716358006
"EN26_205",1114,"Fe",0.879234116524458
"EN26_205",1114,"Mn",0.851724302629009
"EN26_205",1114,"Se",0.453616530634463
"EN26_205",1114,"C",0.115895713446662
"EN26_205",1115,"Fe",0.885669197654352
"EN26_205",1115,"Mn",0.0526216984726489
"EN26_205",1115,"Se",0.229188420111313
"EN26_205",1115,"C",0.475206381874159
"EN26_205",1116,"Fe",0.332186342217028
"EN26_205",1116,"Mn",0.372888149926439
"EN26_205",1116,"Se",0.733441934222355
"EN26_205",1116,"C",0.711198110831901
"EN26_205",1119,"Fe",0.0235948476474732
"EN26_205",1119,"Mn",0.231421445962042
"EN26_205",1119,"Se",0.906542147276923
"EN26_205",1119,"C",0.245356261031702
"EN26_205",1128,"Fe",0.424439976923168
"EN26_205",1128,"Mn",0.90355662885122
"EN26_205",1128,"Se",0.838489754358307
"EN26_205",1128,"C",0.321854128967971
"EN26_205",1136,"Fe",0.46011386346072
"EN26_205",1136,"Mn",0.1186695441138
"EN26_205",1136,"Se",0.312210966367275
"EN26_205",1136,"C",0.012887941673398
"EN26_205",1145,"Fe",0.0513901303056628
"EN26_205",1145,"Mn",0.363731951685622
"EN26_205",1145,"Se",0.549184893025085
"EN26_205",1145,"C",0.0678173492196947
"EN26_205",1168,"Fe",0.356178841320798
"EN26_205",1168,"Mn",0.960009790491313
"EN26_205",1168,"Se",0.617725650547072
"EN26_205",1168,"C",0.832140481565148
"EN26_205",1170,"Fe",0.309593531303108
"EN26_205",1170,"Mn",0.469038114883006
"EN26_205",1170,"Se",0.374791942536831
"EN26_205",1170,"C",0.0541914103087038
"EN26_205",1186,"Fe",0.477797705447301
"EN26_205",1186,"Mn",0.683485825778916
"EN26_205",1186,"Se",0.660892755025998
"EN26_205",1186,"C",0.787528384942561
"EN26_205",1188,"Fe",0.554239996010438
"EN26_205",1188,"Mn",0.581896465504542
"EN26_205",1188,"Se",0.0552328899502754
"EN26_205",1188,"C",0.178786234930158
"EN26_205",1198,"Fe",0.907307373359799
"EN26_205",1198,"Mn",0.326927328715101
"EN26_205",1198,"Se",0.604584515793249
"EN26_205",1198,"C",0.527364056091756
"EN26_205",1201,"Fe",0.609690762124956
"EN26_205",1201,"Mn",0.47036446724087
"EN26_205",1201,"Se",0.121301784180105
"EN26_205",1201,"C",0.0971704623661935
"EN26_205",1204,"Fe",0.651402064831927
"EN26_205",1204,"Mn",0.265586701454595
"EN26_205",1204,"Se",0.377774907043204
"EN26_205",1204,"C",0.715675922576338
"EN26_205",1232,"Fe",0.778630419634283
"EN26_205",1232,"Mn",0.813048228621483
"EN26_205",1232,"Se",0.737469526706263
"EN26_205",1232,"C",0.799111753236502
"EN26_205",1247,"Fe",0.11174081498757
"EN26_205",1247,"Mn",0.132748633855954
"EN26_205",1247,"Se",0.518150551244617
"EN26_205",1247,"C",0.0799587552901357
"EN26_205",1251,"Fe",0.0606596746947616
"EN26_205",1251,"Mn",0.0546460698824376
"EN26_205",1251,"Se",0.710154122440144
"EN26_205",1251,"C",0.981760553317145
"EN26_205",1258,"Fe",0.213504816172644
"EN26_205",1258,"Mn",0.413023073924705
"EN26_205",1258,"Se",0.698111142264679
"EN26_205",1258,"C",0.9213630000595
"EN26_205",1274,"Fe",0.380214392207563
"EN26_205",1274,"Mn",0.507416903739795
"EN26_205",1274,"Se",0.114451381145045
"EN26_205",1274,"C",0.164940921822563
"EN26_205",1284,"Fe",0.923634617356583
"EN26_205",1284,"Mn",0.0167201454751194
"EN26_205",1284,"Se",0.0524316418450326
"EN26_205",1284,"C",0.287405479000881
"EN26_205",1286,"Fe",0.321220544166863
"EN26_205",1286,"Mn",0.291853772709146
"EN26_205",1286,"Se",0.00774461729452014
"EN26_205",1286,"C",0.507380172144622
"EN26_205",1303,"Fe",0.692519606556743
"EN26_205",1303,"Mn",0.0565537437796593
"EN26_205",1303,"Se",0.237058499827981
"EN26_205",1303,"C",0.0743115418590605
"EN26_205",1308,"Fe",0.240446029230952
"EN26_205",1308,"Mn",0.386619285913184
"EN26_205",1308,"Se",0.471239414531738
"EN26_205",1308,"C",0.984648445155472
"EN26_205",1320,"Fe",0.139217058429495
"EN26_205",1320,"Mn",0.34494322235696
"EN26_205",1320,"Se",0.58143010456115
"EN26_205",1320,"C",0.665231220657006
"EN26_205",1324,"Fe",0.00348301604390144
"EN26_205",1324,"Mn",0.517948895692825
"EN26_205",1324,"Se",0.345573846483603
"EN26_205",1324,"C",0.606619765516371
"EN26_205",1329,"Fe",0.659731313586235
"EN26_205",1329,"Mn",0.426261327462271
"EN26_205",1329,"Se",0.96989161032252
"EN26_205",1329,"C",0.298896998632699
"EN26_205",1336,"Fe",0.673584208358079
"EN26_205",1336,"Mn",0.514921069145203
"EN26_205",1336,"Se",0.0102658455725759
"EN26_205",1336,"C",0.130339886760339
"EN26_205",1384,"Fe",0.983193895081058
"EN26_205",1384,"Mn",0.0486496996600181
"EN26_205",1384,"Se",0.783452573232353
"EN26_205",1384,"C",0.451356919948012
"EN26_205",1392,"Fe",0.273144602077082
"EN26_205",1392,"Mn",0.237544263945892
"EN26_205",1392,"Se",0.184508010512218
"EN26_205",1392,"C",0.357030825922266
"EN26_205",1399,"Fe",0.65550016076304
"EN26_205",1399,"Mn",0.480705621186644
"EN26_205",1399,"Se",0.206797578837723
"EN26_205",1399,"C",0.874355650506914
"EN26_205",1404,"Fe",0.747559834271669
"EN26_205",1404,"Mn",0.259730624733493
"EN26_205",1404,"Se",0.0422921725548804
"EN26_205",1404,"C",0.22818380384706
"EN26_205",1422,"Fe",0.316766836913303
"EN26_205",1422,"Mn",0.303910407004878
"EN26_205",1422,"Se",0.567426594905555
"EN26_205",1422,"C",0.429405190981925
"EN26_205",1445,"Fe",0.166943912860006
"EN26_205",1445,"Mn",0.458827159600332
"EN26_205",1445,"Se",0.324465815676376
"EN26_205",1445,"C",0.546039606677368
"EN26_205",1446,"Fe",0.708341324469075
"EN26_205",1446,"Mn",0.945389636093751
"EN26_205",1446,"Se",0.483960882062092
"EN26_205",1446,"C",0.400639686500654
"EN26_205",1456,"Fe",0.275572267128155
"EN26_205",1456,"Mn",0.96337947784923
"EN26_205",1456,"Se",0.765289190225303
"EN26_205",1456,"C",0.184027466922998
"EN26_205",1459,"Fe",0.561228279257193
"EN26_205",1459,"Mn",0.830679839244112
"EN26_205",1459,"Se",0.156659428030252
"EN26_205",1459,"C",0.287692733574659
"EN26_205",1474,"Fe",0.834585828939453
"EN26_205",1474,"Mn",0.0364263853989542
"EN26_205",1474,"Se",0.0650145066902041
"EN26_205",1474,"C",0.424771279795095
"EN26_205",1481,"Fe",0.661692833295092
"EN26_205",1481,"Mn",0.273895002668723
"EN26_205",1481,"Se",0.727775158826262
"EN26_205",1481,"C",0.331448540557176
"EN26_205",1492,"Fe",0.582712493138388
"EN26_205",1492,"Mn",0.885878409026191
"EN26_205",1492,"Se",0.655933465342969
"EN26_205",1492,"C",0.000957826618105173
"EN26_205",1495,"Fe",0.59107989538461
"EN26_205",1495,"Mn",0.0881460618693382
"EN26_205",1495,"Se",0.290858577936888
"EN26_205",1495,"C",0.750119239091873
"EN26_205",1504,"Fe",0.771866386989132
"EN26_205",1504,"Mn",0.0227577448822558
"EN26_205",1504,"Se",0.561521515250206
"EN26_205",1504,"C",0.891040077200159
"EN26_205",1512,"Fe",0.395523863611743
"EN26_205",1512,"Mn",0.968364004511386
"EN26_205",1512,"Se",0.918759008171037
"EN26_205",1512,"C",0.185548709938303
"EN26_205",1536,"Fe",0.326438069809228
"EN26_205",1536,"Mn",0.309105321764946
"EN26_205",1536,"Se",0.748048070818186
"EN26_205",1536,"C",0.550475072581321
"EN26_205",1542,"Fe",0.160042292438447
"EN26_205",1542,"Mn",0.438474560622126
"EN26_205",1542,"Se",0.785599446855485
"EN26_205",1542,"C",0.197878225240856
"EN26_205",1568,"Fe",0.847014816943556
"EN26_205",1568,"Mn",0.268255463335663
"EN26_205",1568,"Se",0.575963193085045
"EN26_205",1568,"C",0.957888216944411
"EN26_205",1590,"Fe",0.470731186214834
"EN26_205",1590,"Mn",0.037987579125911
"EN26_205",1590,"Se",0.402128723450005
"EN26_205",1590,"C",0.926834409125149
"EN26_205",1593,"Fe",0.54798586643301
"EN26_205",1593,"Mn",0.781043516239151
"EN26_205",1593,"Se",0.82257727230899
"EN26_205",1593,"C",0.483668960165232
"EN26_205",1621,"Fe",0.759668501792476
"EN26_205",1621,"Mn",0.599960039369762
"EN26_205",1621,"Se",0.891234535723925
"EN26_205",1621,"C",0.7520597204566
"EN26_205",1631,"Fe",0.323694397928193
"EN26_205",1631,"Mn",0.0799977330025285
"EN26_205",1631,"Se",0.246904077939689
"EN26_205",1631,"C",0.540535646723583
"EN26_205",1635,"Fe",0.963873481843621
"EN26_205",1635,"Mn",0.356283624656498
"EN26_205",1635,"Se",0.427850121399388
"EN26_205",1635,"C",0.0447993134148419
"EN26_205",1657,"Fe",0.406229799846187
"EN26_205",1657,"Mn",0.00282360636629164
"EN26_205",1657,"Se",0.392880697501823
"EN26_205",1657,"C",0.0254889766220003
"EN26_205",1685,"Fe",0.404924715636298
"EN26_205",1685,"Mn",0.980841059936211
"EN26_205",1685,"Se",0.424038057914004
"EN26_205",1685,"C",0.456729327328503
"EN26_205",1687,"Fe",0.622923261020333
"EN26_205",1687,"Mn",0.887974726036191
"EN26_205",1687,"Se",0.798686326714233
"EN26_205",1687,"C",0.972503485158086
"EN26_205",1701,"Fe",0.92706635617651
"EN26_205",1701,"Mn",0.604642703896388
"EN26_205",1701,"Se",0.557689246954396
"EN26_205",1701,"C",0.513316401513293
"EN26_205",1707,"Fe",0.115564472274855
"EN26_205",1707,"Mn",0.315199700649828
"EN26_205",1707,"Se",0.85209603398107
"EN26_205",1707,"C",0.328440972371027
"EN26_205",1723,"Fe",0.88220456475392
"EN26_205",1723,"Mn",0.712940917816013
"EN26_205",1723,"Se",0.581076521426439
"EN26_205",1723,"C",0.882356627378613
"EN26_205",1726,"Fe",0.918894730275497
"EN26_205",1726,"Mn",0.195837209932506
"EN26_205",1726,"Se",0.626223891042173
"EN26_205",1726,"C",0.830707516055554
"EN26_205",1727,"Fe",0.296194839058444
"EN26_205",1727,"Mn",0.721953428350389
"EN26_205",1727,"Se",0.398165933322161
"EN26_205",1727,"C",0.61887128953822
"EN26_205",1758,"Fe",0.0987407928332686
"EN26_205",1758,"Mn",0.468380765290931
"EN26_205",1758,"Se",0.490471141412854
"EN26_205",1758,"C",0.26728317909874
"EN26_205",1783,"Fe",0.418721872381866
"EN26_205",1783,"Mn",0.936694788746536
"EN26_205",1783,"Se",0.935496913967654
"EN26_205",1783,"C",0.337340533966199
"EN26_205",1802,"Fe",0.0470663572195917
"EN26_205",1802,"Mn",0.857442717300728
"EN26_205",1802,"Se",0.116817167261615
"EN26_205",1802,"C",0.58650695392862
"EN26_205",1809,"Fe",0.895080401329324
"EN26_205",1809,"Mn",0.0764127275906503
"EN26_205",1809,"Se",0.0718332023825496
"EN26_205",1809,"C",0.510530133498833
"EN26_205",1816,"Fe",0.988420596113428
"EN26_205",1816,"Mn",0.849250757601112
"EN26_205",1816,"Se",0.765995283611119
"EN26_205",1816,"C",0.308673083083704
"EN26_205",1834,"Fe",0.84022503066808
"EN26_205",1834,"Mn",0.373637456214055
"EN26_205",1834,"Se",0.187340900069103
"EN26_205",1834,"C",0.452508056303486
"EN26_205",1844,"Fe",0.924896182958037
"EN26_205",1844,"Mn",0.464905724395066
"EN26_205",1844,"Se",0.578675225609913
"EN26_205",1844,"C",0.62607183190994
"EN26_205",1864,"Fe",0.900341051165015
"EN26_205",1864,"Mn",0.446496422868222
"EN26_205",1864,"Se",0.841847199946642
"EN26_205",1864,"C",0.493436708347872
"EN26_205",1870,"Fe",0.541795148747042
"EN26_205",1870,"Mn",0.743149970658123
"EN26_205",1870,"Se",0.260830469429493
"EN26_205",1870,"C",0.619843824766576
"EN26_205",1883,"Fe",0.163597227074206
"EN26_205",1883,"Mn",0.844220938626677
"EN26_205",1883,"Se",0.761308516608551
"EN26_205",1883,"C",0.159146670950577
"EN26_205",1895,"Fe",0.246308030560613
"EN26_205",1895,"Mn",0.650459012249485
"EN26_205",1895,"Se",0.937313835369423
"EN26_205",1895,"C",0.0835852627642453
"EN26_205",1897,"Fe",0.55280726402998
"EN26_205",1897,"Mn",0.92938746814616
"EN26_205",1897,"Se",0.528688696911559
"EN26_205",1897,"C",0.811223598429933
"EN26_205",1905,"Fe",0.454897646559402
"EN26_205",1905,"Mn",0.527160639641806
"EN26_205",1905,"Se",0.772204525303096
"EN26_205",1905,"C",0.0352165333461016
"EN26_205",1911,"Fe",0.0998683241195977
"EN26_205",1911,"Mn",0.503949973033741
"EN26_205",1911,"Se",0.581958842230961
"EN26_205",1911,"C",0.538601339096203
"EN26_205",1922,"Fe",0.12200131569989
"EN26_205",1922,"Mn",0.215262888465077
"EN26_205",1922,"Se",0.812549655325711
"EN26_205",1922,"C",0.0954375320579857
"EN26_205",1937,"Fe",0.164845457766205
"EN26_205",1937,"Mn",0.592754314886406
"EN26_205",1937,"Se",0.706588541390374
"EN26_205",1937,"C",0.504190367879346
"EN26_205",1939,"Fe",0.219076154986396
"EN26_205",1939,"Mn",0.741151798283681
"EN26_205",1939,"Se",0.126528151333332
"EN26_205",1939,"C",0.350889052730054
"EN26_205",1950,"Fe",0.438981662038714
"EN26_205",1950,"Mn",0.284266638103873
"EN26_205",1950,"Se",0.691186416428536
"EN26_205",1950,"C",0.847033010795712
"EN26_205",1967,"Fe",0.279487925115973
"EN26_205",1967,"Mn",0.0947046941146255
"EN26_205",1967,"Se",0.850509673822671
"EN26_205",1967,"C",0.457216990878806
"EN26_205",1970,"Fe",0.0649734437465668
"EN26_205",1970,"Mn",0.593848043121397
"EN26_205",1970,"Se",0.799907096894458
"EN26_205",1970,"C",0.716486321296543
"EN26_205",1972,"Fe",0.663108086911961
"EN26_205",1972,"Mn",0.157037808327004
"EN26_205",1972,"Se",0.62658869381994
"EN26_205",1972,"C",0.170277730096132
"EN26_205",1981,"Fe",0.141134927747771
"EN26_205",1981,"Mn",0.945401195436716
"EN26_205",1981,"Se",0.305296307429671
"EN26_205",1981,"C",0.725499235792086
"EN26_205",1983,"Fe",0.370856713503599
"EN26_205",1983,"Mn",0.717226132052019
"EN26_205",1983,"Se",0.374502900289372
"EN26_205",1983,"C",0.223057663301006
"EN26_205",1986,"Fe",0.888834610115737
"EN26_205",1986,"Mn",0.451941870851442
"EN26_205",1986,"Se",0.678713433211669
"EN26_205",1986,"C",0.590462816879153
"EN26_205",1989,"Fe",0.289678191766143
"EN26_205",1989,"Mn",0.0811533303931355
"EN26_205",1989,"Se",0.529209027532488
"EN26_205",1989,"C",0.941251104231924
"EN26_205",1991,"Fe",0.482566998340189
"EN26_205",1991,"Mn",0.193154670996591
"EN26_205",1991,"Se",0.740664213662967
"EN26_205",1991,"C",0.22898398549296
"EN26_205",1992,"Fe",0.873266323469579
"EN26_205",1992,"Mn",0.748609248548746
"EN26_205",1992,"Se",0.848954266868532
"EN26_205",1992,"C",0.314450489822775
"EN26_205",1995,"Fe",0.403359287884086
"EN26_205",1995,"Mn",0.506858176318929
"EN26_205",1995,"Se",0.451493808068335
"EN26_205",1995,"C",0.815859530353919
